org.apache.commons.collections4,ArrayStack.java,0.4
org.apache.commons.collections4,ArrayUtils.java,0.0
org.apache.commons.collections4.bag,AbstractBagDecorator.java,0.2857143
org.apache.commons.collections4.bag,MutableInteger.java,1.0
org.apache.commons.collections4.bag,AbstractSortedBagDecorator.java,0.0
org.apache.commons.collections4.bag,CollectionBag.java,0.2
org.apache.commons.collections4.bag,CollectionSortedBag.java,0.2
org.apache.commons.collections4.bag,HashBag.java,0.0
org.apache.commons.collections4.bag,HashBag.java,0.0
org.apache.commons.collections4.bag,PredicatedBag.java,0.21428572
org.apache.commons.collections4.bag,PredicatedSortedBag.java,0.0
org.apache.commons.collections4.bag,SynchronizedBagSet.java,NaN
org.apache.commons.collections4.bag,SynchronizedSortedBag.java,0.3
org.apache.commons.collections4.bag,TransformedBag.java,0.25
org.apache.commons.collections4.bag,TransformedSortedBag.java,0.06666667
org.apache.commons.collections4.bag,TreeBag.java,0.0
org.apache.commons.collections4.bag,UnmodifiableBag.java,0.0
org.apache.commons.collections4.bag,UnmodifiableSortedBag.java,0.0
org.apache.commons.collections4,Bag.java,0.0
org.apache.commons.collections4,BagUtils.java,0.6545454
org.apache.commons.collections4.bidimap,AbstractBidiMapDecorator.java,0.0
org.apache.commons.collections4.bidimap,BidiMapIterator.java,0.85714287
org.apache.commons.collections4.bidimap,AbstractOrderedBidiMapDecorator.java,0.0
org.apache.commons.collections4.bidimap,AbstractSortedBidiMapDecorator.java,0.0
org.apache.commons.collections4.bidimap,DualHashBidiMap.java,1.0
org.apache.commons.collections4.bidimap,DualLinkedHashBidiMap.java,1.0
org.apache.commons.collections4.bidimap,BidiOrderedMapIterator.java,0.82222223
org.apache.commons.collections4.bidimap,BidiOrderedMapIterator.java,0.82222223
org.apache.commons.collections4.bidimap,Inverse.java,0.17391305
org.apache.commons.collections4.bidimap,UnmodifiableBidiMap.java,0.054545455
org.apache.commons.collections4.bidimap,UnmodifiableOrderedBidiMap.java,0.045454547
org.apache.commons.collections4.bidimap,UnmodifiableSortedBidiMap.java,0.06593407
org.apache.commons.collections4,BidiMap.java,0.0
org.apache.commons.collections4.bloomfilter,AbstractBloomFilter.java,0.34848484
org.apache.commons.collections4.bloomfilter,IndexIterator.java,1.0
org.apache.commons.collections4.bloomfilter,BitSetBloomFilter.java,0.8055556
org.apache.commons.collections4.bloomfilter,BloomFilter.java,0.0
org.apache.commons.collections4.bloomfilter,BloomFilterIndexer.java,1.0
org.apache.commons.collections4.bloomfilter,BitCountConsumer.java,0.0
org.apache.commons.collections4.bloomfilter.hasher,NoValuesIterator.java,0.0
org.apache.commons.collections4.bloomfilter.hasher.function,MD5Cyclic.java,0.0
org.apache.commons.collections4.bloomfilter.hasher.function,Murmur128x64Cyclic.java,0.0
org.apache.commons.collections4.bloomfilter.hasher.function,Murmur32x86Iterative.java,0.0
org.apache.commons.collections4.bloomfilter.hasher.function,ObjectsHashIterative.java,0.0
org.apache.commons.collections4.bloomfilter.hasher.function,ObjectsHashIterative.java,0.0
org.apache.commons.collections4.bloomfilter.hasher.function,Signatures.java,0.0
org.apache.commons.collections4.bloomfilter.hasher,Builder.java,0.0
org.apache.commons.collections4.bloomfilter.hasher,HashFunction.java,0.0
org.apache.commons.collections4.bloomfilter.hasher,HashFunctionIdentity.java,0.0
org.apache.commons.collections4.bloomfilter.hasher,HashFunctionIdentityImpl.java,0.0
org.apache.commons.collections4.bloomfilter.hasher,HashFunctionValidator.java,0.0
org.apache.commons.collections4.bloomfilter.hasher,HashFunctionValidator.java,0.0
org.apache.commons.collections4.bloomfilter.hasher,Shape.java,0.40952381
org.apache.commons.collections4.bloomfilter.hasher,StaticHasher.java,0.4
org.apache.commons.collections4.bloomfilter,HasherBloomFilter.java,0.6666667
org.apache.commons.collections4.bloomfilter,IndexFilters.java,0.0
org.apache.commons.collections4.bloomfilter,IndexFilters.java,0.0
org.apache.commons.collections4.bloomfilter,SetOperations.java,0.0
org.apache.commons.collections4,BoundedCollection.java,0.0
org.apache.commons.collections4,BoundedMap.java,0.0
org.apache.commons.collections4,Closure.java,0.0
org.apache.commons.collections4,ClosureUtils.java,0.0
org.apache.commons.collections4.collection,AbstractCollectionDecorator.java,0.11764706
org.apache.commons.collections4.collection,CollectionMutator.java,0.0
org.apache.commons.collections4.collection,IndexedCollection.java,0.49166667
org.apache.commons.collections4.collection,IndexedCollection.java,0.49166667
org.apache.commons.collections4.collection,Builder.java,0.21794872
org.apache.commons.collections4.collection,SynchronizedCollection.java,0.7251462
org.apache.commons.collections4.collection,TransformedCollection.java,0.46666667
org.apache.commons.collections4.collection,UnmodifiableBoundedCollection.java,0.0
org.apache.commons.collections4.collection,UnmodifiableCollection.java,0.0
org.apache.commons.collections4,EquatorWrapper.java,1.0
org.apache.commons.collections4.comparators,BooleanComparator.java,0.3809524
org.apache.commons.collections4.comparators,ComparableComparator.java,0.0
org.apache.commons.collections4.comparators,ComparatorChain.java,0.5641026
org.apache.commons.collections4.comparators,FixedOrderComparator.java,0.0
org.apache.commons.collections4.comparators,NullComparator.java,0.0
org.apache.commons.collections4.comparators,NullComparator.java,0.0
org.apache.commons.collections4.comparators,ReverseComparator.java,1.0
org.apache.commons.collections4.comparators,TransformingComparator.java,0.33333334
org.apache.commons.collections4,ComparatorUtils.java,0.6
org.apache.commons.collections4,EnumerationUtils.java,0.0
org.apache.commons.collections4,Equator.java,0.0
org.apache.commons.collections4,Factory.java,0.0
org.apache.commons.collections4,FactoryUtils.java,0.0
org.apache.commons.collections4,FluentIterable.java,0.6592742
org.apache.commons.collections4,FunctorException.java,NaN
org.apache.commons.collections4.functors,AbstractQuantifierPredicate.java,NaN
org.apache.commons.collections4.functors,AllPredicate.java,0.33333334
org.apache.commons.collections4.functors,AndPredicate.java,0.33333334
org.apache.commons.collections4.functors,AnyPredicate.java,0.33333334
org.apache.commons.collections4.functors,CatchAndRethrowClosure.java,0.0
org.apache.commons.collections4.functors,ChainedClosure.java,0.6666667
org.apache.commons.collections4.functors,ChainedTransformer.java,0.6666667
org.apache.commons.collections4.functors,CloneTransformer.java,0.0
org.apache.commons.collections4.functors,ClosureTransformer.java,0.33333334
org.apache.commons.collections4.functors,ComparatorPredicate.java,0.0
org.apache.commons.collections4.functors,ConstantFactory.java,0.33333334
org.apache.commons.collections4.functors,ConstantTransformer.java,0.06666667
org.apache.commons.collections4.functors,DefaultEquator.java,0.0
org.apache.commons.collections4.functors,EqualPredicate.java,0.6666667
org.apache.commons.collections4.functors,ExceptionClosure.java,0.33333334
org.apache.commons.collections4.functors,ExceptionFactory.java,0.33333334
org.apache.commons.collections4.functors,ExceptionPredicate.java,0.33333334
org.apache.commons.collections4.functors,ExceptionTransformer.java,0.33333334
org.apache.commons.collections4.functors,FactoryTransformer.java,0.33333334
org.apache.commons.collections4.functors,FalsePredicate.java,0.33333334
org.apache.commons.collections4.functors,ForClosure.java,0.33333334
org.apache.commons.collections4.functors,FunctorUtils.java,0.0
org.apache.commons.collections4.functors,IdentityPredicate.java,0.6666667
org.apache.commons.collections4.functors,IfClosure.java,0.26666668
org.apache.commons.collections4.functors,IfTransformer.java,0.26666668
org.apache.commons.collections4.functors,InstanceofPredicate.java,0.33333334
org.apache.commons.collections4.functors,InstantiateFactory.java,0.33333334
org.apache.commons.collections4.functors,InstantiateTransformer.java,0.0
org.apache.commons.collections4.functors,InvokerTransformer.java,0.33333334
org.apache.commons.collections4.functors,MapTransformer.java,0.33333334
org.apache.commons.collections4.functors,NonePredicate.java,0.33333334
org.apache.commons.collections4.functors,NOPClosure.java,0.33333334
org.apache.commons.collections4.functors,NOPTransformer.java,0.33333334
org.apache.commons.collections4.functors,NotNullPredicate.java,0.33333334
org.apache.commons.collections4.functors,NotPredicate.java,0.33333334
org.apache.commons.collections4.functors,NullIsExceptionPredicate.java,0.33333334
org.apache.commons.collections4.functors,NullIsFalsePredicate.java,0.33333334
org.apache.commons.collections4.functors,NullIsTruePredicate.java,0.33333334
org.apache.commons.collections4.functors,NullPredicate.java,0.33333334
org.apache.commons.collections4.functors,OnePredicate.java,0.33333334
org.apache.commons.collections4.functors,OrPredicate.java,0.33333334
org.apache.commons.collections4.functors,OrPredicate.java,0.33333334
org.apache.commons.collections4.functors,PredicateDecorator.java,0.0
org.apache.commons.collections4.functors,PredicateTransformer.java,0.33333334
org.apache.commons.collections4.functors,PrototypeSerializationFactory.java,NaN
org.apache.commons.collections4.functors,StringValueTransformer.java,0.33333334
org.apache.commons.collections4.functors,SwitchClosure.java,0.53333336
org.apache.commons.collections4.functors,SwitchTransformer.java,0.53333336
org.apache.commons.collections4.functors,TransformedPredicate.java,0.33333334
org.apache.commons.collections4.functors,TransformerClosure.java,0.33333334
org.apache.commons.collections4.functors,TransformerPredicate.java,0.33333334
org.apache.commons.collections4.functors,TruePredicate.java,0.33333334
org.apache.commons.collections4.functors,UniquePredicate.java,0.0
org.apache.commons.collections4.functors,WhileClosure.java,0.3
org.apache.commons.collections4,Get.java,0.0
org.apache.commons.collections4,IterableGet.java,0.0
org.apache.commons.collections4,IterableMap.java,0.0
org.apache.commons.collections4,IterableSortedMap.java,0.0
org.apache.commons.collections4,UnmodifiableIterable.java,NaN
org.apache.commons.collections4.iterators,AbstractEmptyIterator.java,0.0
org.apache.commons.collections4.iterators,AbstractEmptyMapIterator.java,0.0
org.apache.commons.collections4.iterators,AbstractIteratorDecorator.java,0.0
org.apache.commons.collections4.iterators,AbstractListIteratorDecorator.java,1.0
org.apache.commons.collections4.iterators,AbstractMapIteratorDecorator.java,1.0
org.apache.commons.collections4.iterators,AbstractOrderedMapIteratorDecorator.java,1.0
org.apache.commons.collections4.iterators,AbstractUntypedIteratorDecorator.java,1.0
org.apache.commons.collections4.iterators,ArrayIterator.java,0.071428575
org.apache.commons.collections4.iterators,ArrayListIterator.java,0.10714286
org.apache.commons.collections4.iterators,BoundedIterator.java,0.9
org.apache.commons.collections4.iterators,CollatingIterator.java,0.46666667
org.apache.commons.collections4.iterators,EmptyIterator.java,0.0
org.apache.commons.collections4.iterators,EmptyListIterator.java,0.0
org.apache.commons.collections4.iterators,EmptyMapIterator.java,NaN
org.apache.commons.collections4.iterators,EmptyOrderedIterator.java,NaN
org.apache.commons.collections4.iterators,EmptyOrderedMapIterator.java,NaN
org.apache.commons.collections4.iterators,EntrySetMapIterator.java,0.85714287
org.apache.commons.collections4.iterators,EnumerationIterator.java,0.7
org.apache.commons.collections4.iterators,FilterIterator.java,0.71428573
org.apache.commons.collections4.iterators,FilterListIterator.java,0.25735295
org.apache.commons.collections4.iterators,IteratorChain.java,0.33333334
org.apache.commons.collections4.iterators,IteratorEnumeration.java,1.0
org.apache.commons.collections4.iterators,IteratorIterable.java,1.0
org.apache.commons.collections4.iterators,LazyIteratorChain.java,0.6
org.apache.commons.collections4.iterators,ListIteratorWrapper.java,1.0
org.apache.commons.collections4.iterators,LoopingIterator.java,0.8
org.apache.commons.collections4.iterators,LoopingListIterator.java,0.6969697
org.apache.commons.collections4.iterators,NodeListIterator.java,0.33333334
org.apache.commons.collections4.iterators,ObjectArrayIterator.java,0.0
org.apache.commons.collections4.iterators,ObjectArrayListIterator.java,0.0
org.apache.commons.collections4.iterators,ObjectGraphIterator.java,0.73333335
org.apache.commons.collections4.iterators,ObjectGraphIterator.java,0.73333335
org.apache.commons.collections4.iterators,PeekingIterator.java,0.8095238
org.apache.commons.collections4.iterators,PermutationIterator.java,0.33333334
org.apache.commons.collections4.iterators,PushbackIterator.java,0.5
org.apache.commons.collections4.iterators,ReverseListIterator.java,1.0
org.apache.commons.collections4.iterators,SingletonIterator.java,1.0
org.apache.commons.collections4.iterators,SingletonListIterator.java,0.7111111
org.apache.commons.collections4.iterators,SkippingIterator.java,1.0
org.apache.commons.collections4.iterators,TransformIterator.java,0.4642857
org.apache.commons.collections4.iterators,UniqueFilterIterator.java,0.0
org.apache.commons.collections4.iterators,UnmodifiableIterator.java,0.5
org.apache.commons.collections4.iterators,UnmodifiableListIterator.java,0.5090909
org.apache.commons.collections4.iterators,UnmodifiableMapIterator.java,0.47619048
org.apache.commons.collections4.iterators,UnmodifiableOrderedMapIterator.java,0.5833333
org.apache.commons.collections4.iterators,ZippingIterator.java,0.6666667
org.apache.commons.collections4,IteratorUtils.java,0.2817562
org.apache.commons.collections4.keyvalue,AbstractKeyValue.java,0.3
org.apache.commons.collections4.keyvalue,AbstractMapEntry.java,0.0
org.apache.commons.collections4.keyvalue,AbstractMapEntryDecorator.java,1.0
org.apache.commons.collections4.keyvalue,DefaultKeyValue.java,0.0
org.apache.commons.collections4.keyvalue,DefaultMapEntry.java,0.0
org.apache.commons.collections4.keyvalue,MultiKey.java,0.30769232
org.apache.commons.collections4.keyvalue,MultiKey.java,0.30769232
org.apache.commons.collections4.keyvalue,TiedMapEntry.java,0.53333336
org.apache.commons.collections4.keyvalue,UnmodifiableMapEntry.java,0.0
org.apache.commons.collections4,KeyValue.java,0.0
org.apache.commons.collections4.list,LinkedSubList.java,0.7307692
org.apache.commons.collections4.list,AbstractListDecorator.java,0.30769232
org.apache.commons.collections4.list,AbstractSerializableListDecorator.java,0.0
org.apache.commons.collections4.list,SubCursor.java,0.6
org.apache.commons.collections4.list,FixedSizeListIterator.java,0.0
org.apache.commons.collections4.list,GrowthList.java,0.5
org.apache.commons.collections4.list,LazyList.java,0.7
org.apache.commons.collections4.list,NodeCachingLinkedList.java,0.36363637
org.apache.commons.collections4.list,NodeCachingLinkedList.java,0.36363637
org.apache.commons.collections4.list,PredicatedListIterator.java,0.0
org.apache.commons.collections4.list,SetListListIterator.java,0.4
org.apache.commons.collections4.list,TransformedListIterator.java,0.0
org.apache.commons.collections4.list,TreeListIterator.java,0.6666667
org.apache.commons.collections4.list,UnmodifiableList.java,0.008333334
org.apache.commons.collections4,Partition.java,1.0
org.apache.commons.collections4,ListValuedMap.java,0.0
org.apache.commons.collections4.map,HashIterator.java,0.7
org.apache.commons.collections4.map,MapEntry.java,NaN
org.apache.commons.collections4.map,AbstractIterableMap.java,0.0
org.apache.commons.collections4.map,LinkIterator.java,0.85714287
org.apache.commons.collections4.map,AbstractMapDecorator.java,0.058333334
org.apache.commons.collections4.map,AbstractOrderedMapDecorator.java,0.0
org.apache.commons.collections4.map,WeakRef.java,NaN
org.apache.commons.collections4.map,SortedMapIterator.java,0.0
org.apache.commons.collections4.map,CaseInsensitiveMap.java,0.0
org.apache.commons.collections4.map,MapMutator.java,0.0
org.apache.commons.collections4.map,DefaultedMap.java,1.0
org.apache.commons.collections4.map,EntrySetToMapIteratorAdapter.java,0.2857143
org.apache.commons.collections4.map,FixedSizeMap.java,0.42424244
org.apache.commons.collections4.map,FixedSizeSortedMap.java,0.31666666
org.apache.commons.collections4.map,ValuesIterator.java,0.0
org.apache.commons.collections4.map,HashedMap.java,0.0
org.apache.commons.collections4.map,LazyMap.java,1.0
org.apache.commons.collections4.map,LazySortedMap.java,0.41666666
org.apache.commons.collections4.map,LinkedMapList.java,0.24183007
org.apache.commons.collections4.map,ListOrderedMapIterator.java,0.82222223
org.apache.commons.collections4.map,LRUMap.java,0.2761905
org.apache.commons.collections4.map,MultiKeyMap.java,0.5840841
org.apache.commons.collections4.map,ReflectionFactory.java,1.0
org.apache.commons.collections4.map,ReflectionFactory.java,1.0
org.apache.commons.collections4.map,ExpirationPolicy.java,0.0
org.apache.commons.collections4.map,PredicatedMap.java,0.5
org.apache.commons.collections4.map,PredicatedSortedMap.java,0.35714287
org.apache.commons.collections4.map,ReferenceIdentityMap.java,0.06666667
org.apache.commons.collections4.map,ReferenceMap.java,0.0
org.apache.commons.collections4.map,SingletonValues.java,0.1
org.apache.commons.collections4.map,Values.java,0.0
org.apache.commons.collections4.map,TransformedMap.java,0.4181818
org.apache.commons.collections4.map,TransformedSortedMap.java,0.41666666
org.apache.commons.collections4.map,UnmodifiableEntry.java,0.0
org.apache.commons.collections4.map,UnmodifiableMap.java,0.12727273
org.apache.commons.collections4.map,UnmodifiableOrderedMap.java,0.07272727
org.apache.commons.collections4.map,UnmodifiableSortedMap.java,0.041666668
org.apache.commons.collections4,MapIterator.java,0.0
org.apache.commons.collections4,MapUtils.java,0.9595605
org.apache.commons.collections4.multimap,ValuesListIterator.java,0.8333333
org.apache.commons.collections4.multimap,AsMapEntrySetIterator.java,0.0
org.apache.commons.collections4.multimap,AbstractMultiValuedMapDecorator.java,0.1027668
org.apache.commons.collections4.multimap,WrappedSet.java,0.0
org.apache.commons.collections4.multimap,ArrayListValuedHashMap.java,0.0
org.apache.commons.collections4.multimap,HashSetValuedHashMap.java,0.0
org.apache.commons.collections4.multimap,HashSetValuedHashMap.java,0.0
org.apache.commons.collections4.multimap,TransformedMultiValuedMap.java,0.60714287
org.apache.commons.collections4.multimap,UnmodifiableMultiValuedMap.java,0.028571429
org.apache.commons.collections4,MultiMap.java,0.0
org.apache.commons.collections4,MultiMapUtils.java,0.5272727
org.apache.commons.collections4.multiset,MultiSetEntry.java,1.0
org.apache.commons.collections4.multiset,AbstractEntry.java,0.0
org.apache.commons.collections4.multiset,AbstractMultiSetDecorator.java,0.2777778
org.apache.commons.collections4.multiset,HashMultiSet.java,0.0
org.apache.commons.collections4.multiset,HashMultiSet.java,0.0
org.apache.commons.collections4.multiset,PredicatedMultiSet.java,0.22222222
org.apache.commons.collections4.multiset,SynchronizedSet.java,NaN
org.apache.commons.collections4.multiset,UnmodifiableMultiSet.java,0.008333334
org.apache.commons.collections4,Entry.java,0.0
org.apache.commons.collections4,MultiSetUtils.java,0.5
org.apache.commons.collections4,MultiValuedMap.java,0.0
org.apache.commons.collections4,OrderedBidiMap.java,0.0
org.apache.commons.collections4,OrderedIterator.java,0.0
org.apache.commons.collections4,OrderedMap.java,0.0
org.apache.commons.collections4,OrderedMapIterator.java,0.0
org.apache.commons.collections4,OrderedMapIterator.java,0.0
org.apache.commons.collections4,Predicate.java,0.0
org.apache.commons.collections4,PredicateUtils.java,0.0
org.apache.commons.collections4.properties,AbstractPropertiesFactory.java,0.0
org.apache.commons.collections4.properties,AbstractPropertiesFactory.java,0.0
org.apache.commons.collections4.properties,EmptyProperties.java,0.16868687
org.apache.commons.collections4.properties,SortedProperties.java,0.33333334
org.apache.commons.collections4.properties,SortedPropertiesFactory.java,NaN
org.apache.commons.collections4,Put.java,0.0
org.apache.commons.collections4.queue,AbstractQueueDecorator.java,0.0
org.apache.commons.collections4.queue,CircularFifoQueue.java,0.39215687
org.apache.commons.collections4.queue,CircularFifoQueue.java,0.39215687
org.apache.commons.collections4.queue,PredicatedQueue.java,0.0
org.apache.commons.collections4.queue,SynchronizedQueue.java,0.5833333
org.apache.commons.collections4.queue,TransformedQueue.java,0.035714287
org.apache.commons.collections4.queue,UnmodifiableQueue.java,0.0
org.apache.commons.collections4,QueueUtils.java,0.6
org.apache.commons.collections4,ResettableIterator.java,0.0
org.apache.commons.collections4,ResettableListIterator.java,0.0
org.apache.commons.collections4.sequence,CommandVisitor.java,0.0
org.apache.commons.collections4.sequence,DeleteCommand.java,0.0
org.apache.commons.collections4.sequence,EditCommand.java,0.0
org.apache.commons.collections4.sequence,EditScript.java,0.6
org.apache.commons.collections4.sequence,InsertCommand.java,0.0
org.apache.commons.collections4.sequence,KeepCommand.java,0.0
org.apache.commons.collections4.sequence,KeepCommand.java,0.0
org.apache.commons.collections4.sequence,ReplacementsFinder.java,1.0
org.apache.commons.collections4.sequence,ReplacementsHandler.java,0.0
org.apache.commons.collections4.sequence,Snake.java,0.0
org.apache.commons.collections4.set,AbstractNavigableSetDecorator.java,0.13636364
org.apache.commons.collections4.set,AbstractSerializableSetDecorator.java,0.0
org.apache.commons.collections4.set,AbstractSetDecorator.java,0.0
org.apache.commons.collections4.set,AbstractSortedSetDecorator.java,0.0952381
org.apache.commons.collections4.set,SetMutator.java,0.0
org.apache.commons.collections4.set,OrderedSetIterator.java,0.5
org.apache.commons.collections4.set,MapBackedSet.java,1.0
org.apache.commons.collections4.set,MapBackedSet.java,1.0
org.apache.commons.collections4.set,PredicatedNavigableSet.java,0.20512821
org.apache.commons.collections4.set,PredicatedSet.java,0.0
org.apache.commons.collections4.set,PredicatedSortedSet.java,0.21428572
org.apache.commons.collections4.set,TransformedNavigableSet.java,0.23076923
org.apache.commons.collections4.set,TransformedSet.java,0.16666667
org.apache.commons.collections4.set,TransformedSortedSet.java,0.2777778
org.apache.commons.collections4.set,UnmodifiableNavigableSet.java,0.06666667
org.apache.commons.collections4.set,UnmodifiableSet.java,0.0
org.apache.commons.collections4.set,UnmodifiableSortedSet.java,0.021978023
org.apache.commons.collections4,SetView.java,0.0
org.apache.commons.collections4,SetValuedMap.java,0.0
org.apache.commons.collections4,SortedBag.java,0.0
org.apache.commons.collections4,SortedBidiMap.java,0.0
org.apache.commons.collections4.splitmap,AbstractIterableGetMapDecorator.java,0.032967035
org.apache.commons.collections4.splitmap,AbstractIterableGetMapDecorator.java,0.032967035
org.apache.commons.collections4.splitmap,TransformedSplitMap.java,0.2
org.apache.commons.collections4,WrappedPut.java,0.06593407
org.apache.commons.collections4,Transformer.java,0.0
org.apache.commons.collections4,TransformerUtils.java,0.0
org.apache.commons.collections4.trie,BasicEntry.java,0.61904764
org.apache.commons.collections4.trie,EntryIterator.java,0.6666667
org.apache.commons.collections4.trie.analyzer,EntryIterator.java,0.6666667
org.apache.commons.collections4.trie.analyzer,StringKeyAnalyzer.java,0.73333335
org.apache.commons.collections4.trie,KeyAnalyzer.java,0.13333334
org.apache.commons.collections4.trie,KeyAnalyzer.java,0.13333334
org.apache.commons.collections4.trie,PatriciaTrie.java,NaN
org.apache.commons.collections4.trie,UnmodifiableTrie.java,0.64615387
org.apache.commons.collections4,Trie.java,0.0
org.apache.commons.collections4,TrieUtils.java,0.0
org.apache.commons.collections4,Unmodifiable.java,0.0
org.apache.commons.collections4,AbstractArrayListTest.java,0.0
org.apache.commons.collections4,AbstractLinkedListTest.java,0.0
org.apache.commons.collections4,AbstractObjectTest.java,0.10507246
org.apache.commons.collections4,AbstractTreeMapTest.java,0.0
org.apache.commons.collections4,ArrayStackTest.java,0.0
org.apache.commons.collections4.bag,TestBagUniqueSet.java,0.0
org.apache.commons.collections4.bag,AbstractSortedBagTest.java,0.0
org.apache.commons.collections4.bag,CollectionBagTest.java,0.0
org.apache.commons.collections4.bag,CollectionSortedBagTest.java,0.0
org.apache.commons.collections4.bag,HashBagTest.java,0.0
org.apache.commons.collections4.bag,PredicatedBagTest.java,0.083333336
org.apache.commons.collections4.bag,PredicatedSortedBagTest.java,0.10714286
org.apache.commons.collections4.bag,SynchronizedBagTest.java,0.0
org.apache.commons.collections4.bag,TransformedBagTest.java,0.0
org.apache.commons.collections4.bag,TransformedSortedBagTest.java,0.0
org.apache.commons.collections4.bag,TreeBagTest.java,0.0
org.apache.commons.collections4.bag,UnmodifiableBagTest.java,0.0
org.apache.commons.collections4.bag,UnmodifiableSortedBagTest.java,0.0
org.apache.commons.collections4,BagUtilsTest.java,1.0
org.apache.commons.collections4.bidimap,TestBidiMapIterator.java,0.0
org.apache.commons.collections4.bidimap,TestOrderedBidiMap.java,NaN
org.apache.commons.collections4.bidimap,TestBidiOrderedMapIterator.java,0.0
org.apache.commons.collections4.bidimap,AbstractSortedBidiMapTest.java,0.34736842
org.apache.commons.collections4.bidimap,DualHashBidiMapTest.java,0.0
org.apache.commons.collections4.bidimap,DualLinkedHashBidiMapTest.java,0.0
org.apache.commons.collections4.bidimap,IntegerComparator.java,NaN
org.apache.commons.collections4.bidimap,DualTreeBidiMapTest.java,0.0
org.apache.commons.collections4.bidimap,TreeBidiMapTest.java,0.0
org.apache.commons.collections4.bidimap,UnmodifiableBidiMapTest.java,0.0
org.apache.commons.collections4.bidimap,UnmodifiableOrderedBidiMapTest.java,0.0
org.apache.commons.collections4.bidimap,UnmodifiableSortedBidiMapTest.java,0.0
org.apache.commons.collections4.bloomfilter,TestBloomFilter.java,0.16666667
org.apache.commons.collections4.bloomfilter,ArrayCountingBloomFilterTest.java,0.29435483
org.apache.commons.collections4.bloomfilter,BitSetBloomFilterTest.java,0.0
org.apache.commons.collections4.bloomfilter,BloomFilterIndexerTest.java,0.0
org.apache.commons.collections4.bloomfilter,BF.java,0.5
org.apache.commons.collections4.bloomfilter,FixedIndexesTestHasher.java,1.0
org.apache.commons.collections4.bloomfilter.hasher,DynamicHasherBuilderTest.java,1.0
org.apache.commons.collections4.bloomfilter.hasher,DynamicHasherTest.java,1.0
org.apache.commons.collections4.bloomfilter.hasher.function,AbstractHashFunctionTest.java,0.0
org.apache.commons.collections4.bloomfilter.hasher.function,MD5CyclicTest.java,0.0
org.apache.commons.collections4.bloomfilter.hasher.function,Murmur128x64CyclicTest.java,0.0
org.apache.commons.collections4.bloomfilter.hasher.function,Murmur32x86IterativeTest.java,0.0
org.apache.commons.collections4.bloomfilter.hasher.function,ObjectsHashIterativeTest.java,0.0
org.apache.commons.collections4.bloomfilter.hasher,TestBuilder.java,0.0
org.apache.commons.collections4.bloomfilter.hasher,HashFunctionIdentityImplTest.java,0.0
org.apache.commons.collections4.bloomfilter.hasher,HashFunctionValidatorTest.java,0.0
org.apache.commons.collections4.bloomfilter.hasher,ShapeTest.java,0.54545456
org.apache.commons.collections4.bloomfilter.hasher,StaticHasherTest.java,1.0
org.apache.commons.collections4.bloomfilter,HasherBloomFilterTest.java,0.0
org.apache.commons.collections4.bloomfilter,IndexFilterTest.java,0.16666667
org.apache.commons.collections4.bloomfilter,SetOperationsTest.java,1.0
org.apache.commons.collections4,BulkTestSuiteMaker.java,0.5555556
org.apache.commons.collections4,MockTransformer.java,NaN
org.apache.commons.collections4.collection,AbstractCollectionTest.java,0.09751773
org.apache.commons.collections4.collection,CompositeCollectionTest.java,0.34236452
org.apache.commons.collections4.collection,IntegerTransformer.java,NaN
org.apache.commons.collections4.collection,OddPredicate.java,0.0
org.apache.commons.collections4.collection,PredicatedCollectionTest.java,0.06666667
org.apache.commons.collections4.collection,SynchronizedCollectionTest.java,0.0
org.apache.commons.collections4.collection,ToLowerCase.java,0.0
org.apache.commons.collections4.collection,UnmodifiableBoundedCollectionTest.java,0.0
org.apache.commons.collections4.collection,UnmodifiableCollectionTest.java,0.0
org.apache.commons.collections4,CollectionUtilsTest.java,0.9700068
org.apache.commons.collections4.comparators,AbstractComparatorTest.java,0.0
org.apache.commons.collections4.comparators,TestNullComparator2.java,0.0
org.apache.commons.collections4.comparators,BooleanComparatorTest.java,0.0
org.apache.commons.collections4.comparators,ComparableComparatorTest.java,0.0
org.apache.commons.collections4.comparators,ColumnComparator.java,1.0
org.apache.commons.collections4.comparators,FixedOrderComparatorTest.java,0.7777778
org.apache.commons.collections4.comparators,ReverseComparatorTest.java,0.0
org.apache.commons.collections4.comparators,TransformingComparatorTest.java,0.0
org.apache.commons.collections4,ComparatorUtilsTest.java,0.0
org.apache.commons.collections4,EnumerationUtilsTest.java,1.0
org.apache.commons.collections4,Mock3.java,NaN
org.apache.commons.collections4,FluentIterableTest.java,0.997151
org.apache.commons.collections4.functors,AbstractAnyAllOnePredicateTest.java,0.0
org.apache.commons.collections4.functors,AbstractClosureTest.java,0.0
org.apache.commons.collections4.functors,AbstractCompositePredicateTest.java,0.0
org.apache.commons.collections4.functors,AbstractMockPredicateTest.java,0.6666667
org.apache.commons.collections4.functors,AbstractPredicateTest.java,0.3
org.apache.commons.collections4.functors,AllPredicateTest.java,0.0
org.apache.commons.collections4.functors,CatchAndRethrowClosureTest.java,0.0
org.apache.commons.collections4.functors,TestComparator.java,0.0
org.apache.commons.collections4.functors,EqualsTestObject.java,NaN
org.apache.commons.collections4.functors,NullPredicateTest.java,0.0
org.apache.commons.collections4,IterableUtilsTest.java,0.93939394
org.apache.commons.collections4.iterators,AbstractIteratorTest.java,0.0
org.apache.commons.collections4.iterators,AbstractListIteratorTest.java,0.0
org.apache.commons.collections4.iterators,AbstractMapIteratorTest.java,0.0
org.apache.commons.collections4.iterators,AbstractOrderedMapIteratorTest.java,0.0
org.apache.commons.collections4.iterators,ArrayIterator2Test.java,0.21428572
org.apache.commons.collections4.iterators,ArrayIteratorTest.java,0.06666667
org.apache.commons.collections4.iterators,ArrayListIterator2Test.java,0.0
org.apache.commons.collections4.iterators,ArrayListIteratorTest.java,0.0
org.apache.commons.collections4.iterators,BoundedIteratorTest.java,0.875
org.apache.commons.collections4.iterators,CollatingIteratorTest.java,0.8787879
org.apache.commons.collections4.iterators,FilterIteratorTest.java,0.34065935
org.apache.commons.collections4.iterators,FilterListIteratorTest.java,0.6666667
org.apache.commons.collections4.iterators,IteratorChainTest.java,0.35714287
org.apache.commons.collections4.iterators,IteratorEnumerationTest.java,0.0
org.apache.commons.collections4.iterators,IteratorIterableTest.java,0.0
org.apache.commons.collections4.iterators,LazyIteratorChainTest.java,0.35714287
org.apache.commons.collections4.iterators,ListIteratorWrapper2Test.java,0.4
org.apache.commons.collections4.iterators,ListIteratorWrapperTest.java,0.4
org.apache.commons.collections4.iterators,LoopingIteratorTest.java,0.0
org.apache.commons.collections4.iterators,LoopingListIteratorTest.java,0.0
org.apache.commons.collections4.iterators,NodeListIteratorTest.java,0.33333334
org.apache.commons.collections4.iterators,ObjectArrayIteratorTest.java,0.13333334
org.apache.commons.collections4.iterators,ObjectArrayListIterator2Test.java,0.0
org.apache.commons.collections4.iterators,ObjectArrayListIteratorTest.java,0.0
org.apache.commons.collections4.iterators,Leaf.java,1.0
org.apache.commons.collections4.iterators,PeekingIteratorTest.java,0.2888889
org.apache.commons.collections4.iterators,PermutationIteratorTest.java,0.29090908
org.apache.commons.collections4.iterators,PushbackIteratorTest.java,0.33333334
org.apache.commons.collections4.iterators,ReverseListIteratorTest.java,0.46666667
org.apache.commons.collections4.iterators,SingletonIterator2Test.java,0.4
org.apache.commons.collections4.iterators,SingletonIteratorTest.java,0.2857143
org.apache.commons.collections4.iterators,SingletonListIteratorTest.java,0.1904762
org.apache.commons.collections4.iterators,SkippingIteratorTest.java,0.84615386
org.apache.commons.collections4.iterators,UniqueFilterIteratorTest.java,0.16666667
org.apache.commons.collections4.iterators,UnmodifiableIteratorTest.java,0.33333334
org.apache.commons.collections4.iterators,UnmodifiableListIteratorTest.java,0.17857143
org.apache.commons.collections4.iterators,UnmodifiableMapIteratorTest.java,0.0
org.apache.commons.collections4.iterators,UnmodifiableOrderedMapIteratorTest.java,0.0
org.apache.commons.collections4.iterators,ZippingIteratorTest.java,0.8
org.apache.commons.collections4,IteratorUtilsTest.java,0.77648765
org.apache.commons.collections4.junit,AbstractAvailableLocalesTest.java,0.33333334
org.apache.commons.collections4.junit,ObjectToStringComparator.java,NaN
org.apache.commons.collections4.junit,SetDefaultLocaleTestRule.java,0.0
org.apache.commons.collections4.keyvalue,AbstractMapEntryTest.java,0.25
org.apache.commons.collections4.keyvalue,DefaultKeyValueTest.java,0.71428573
org.apache.commons.collections4.keyvalue,DefaultMapEntryTest.java,0.0
org.apache.commons.collections4.keyvalue,SystemHashCodeSimulatingKey.java,0.33333334
org.apache.commons.collections4.keyvalue,TiedMapEntryTest.java,0.0
org.apache.commons.collections4.keyvalue,UnmodifiableMapEntryTest.java,0.0
org.apache.commons.collections4.list,AbstractLinkedListTest.java,0.0
org.apache.commons.collections4.list,TestListIterator.java,0.0
org.apache.commons.collections4.list,Collections701Test.java,0.0
org.apache.commons.collections4.list,CursorableLinkedListTest.java,0.8948052
org.apache.commons.collections4.list,FixedSizeListTest.java,0.0
org.apache.commons.collections4.list,GrowthListTest.java,0.0
org.apache.commons.collections4.list,LazyListTest.java,0.0
org.apache.commons.collections4.list,NodeCachingLinkedListTest.java,0.0
org.apache.commons.collections4.list,PredicatedListTest.java,0.33333334
org.apache.commons.collections4.list,SetUniqueList307.java,NaN
org.apache.commons.collections4.list,TransformedListTest.java,0.0
org.apache.commons.collections4.list,TreeListTest.java,0.0
org.apache.commons.collections4.list,UnmodifiableListTest.java,0.27272728
org.apache.commons.collections4,ListUtilsTest.java,0.9692308
org.apache.commons.collections4.map,InnerTestMapIterator.java,0.0
org.apache.commons.collections4.map,TestMapValues.java,0.0
org.apache.commons.collections4.map,InnerTestOrderedMapIterator.java,0.0
org.apache.commons.collections4.map,TestSubMap.java,0.8333333
org.apache.commons.collections4.map,CaseInsensitiveMapTest.java,0.0
org.apache.commons.collections4.map,CompositeMapTest.java,0.7051282
org.apache.commons.collections4.map,DefaultedMapTest.java,0.61904764
org.apache.commons.collections4.map,EmptyMapMutator.java,0.33333334
org.apache.commons.collections4.map,FixedSizeMapTest.java,0.0
org.apache.commons.collections4.map,FixedSizeSortedMapTest.java,0.0
org.apache.commons.collections4.map,TestFlatMapIterator.java,0.0
org.apache.commons.collections4.map,HashedMapTest.java,0.0
org.apache.commons.collections4.map,IdentityEntry.java,0.0
org.apache.commons.collections4.map,LazyMapTest.java,0.2
org.apache.commons.collections4.map,ReverseStringComparator.java,0.0
org.apache.commons.collections4.map,TestListView.java,0.0
org.apache.commons.collections4.map,TestListView.java,0.0
org.apache.commons.collections4.map,TestValueListView.java,0.0
org.apache.commons.collections4.map,SingleHashCode.java,0.0
org.apache.commons.collections4.map,MultiKeyMapTest.java,0.23809524
org.apache.commons.collections4.map,MultiValueMapTest.java,0.0
org.apache.commons.collections4.map,TestExpirationPolicy.java,NaN
org.apache.commons.collections4.map,PredicatedMapTest.java,0.2
org.apache.commons.collections4.map,ReverseStringComparator.java,0.0
org.apache.commons.collections4.map,ReferenceIdentityMapTest.java,0.121212125
org.apache.commons.collections4.map,AccessibleEntry.java,NaN
org.apache.commons.collections4.map,SingletonMapTest.java,0.14102565
org.apache.commons.collections4.map,StaticBucketMapTest.java,0.0
org.apache.commons.collections4.map,TransformedMapTest.java,0.0
org.apache.commons.collections4.map,TransformedSortedMapTest.java,0.0
org.apache.commons.collections4.map,UnmodifiableMapTest.java,0.0
org.apache.commons.collections4.map,UnmodifiableOrderedMapTest.java,0.0
org.apache.commons.collections4.map,UnmodifiableSortedMapTest.java,0.0
org.apache.commons.collections4,DummyMap.java,0.0
org.apache.commons.collections4,X.java,NaN
org.apache.commons.collections4,MockTestCase.java,0.9
org.apache.commons.collections4.multimap,TestMultiValuedMapAsMap.java,0.0
org.apache.commons.collections4.multimap,ArrayListValuedHashMapTest.java,0.0
org.apache.commons.collections4.multimap,HashSetValuedHashMapTest.java,0.0
org.apache.commons.collections4.multimap,TransformedMultiValuedMapTest.java,0.0
org.apache.commons.collections4.multimap,UnmodifiableMultiValuedMapTest.java,0.0
org.apache.commons.collections4,MultiMapUtilsTest.java,0.0
org.apache.commons.collections4.multiset,TestMultiSetUniqueSet.java,0.0
org.apache.commons.collections4.multiset,HashMultiSetTest.java,0.0
org.apache.commons.collections4.multiset,PredicatedMultiSetTest.java,0.11111111
org.apache.commons.collections4.multiset,SynchronizedMultiSetTest.java,0.0
org.apache.commons.collections4.multiset,UnmodifiableMultiSetTest.java,0.0
org.apache.commons.collections4,MultiSetUtilsTest.java,0.9
org.apache.commons.collections4,PredicateUtilsTest.java,0.0
org.apache.commons.collections4.properties,AbstractPropertiesFactoryTest.java,0.525641
org.apache.commons.collections4.properties,EmptyPropertiesTest.java,0.0
org.apache.commons.collections4.properties,PropertiesFactoryTest.java,0.0
org.apache.commons.collections4.properties,SortedPropertiesFactoryTest.java,0.0
org.apache.commons.collections4.properties,SortedPropertiesTest.java,0.0
org.apache.commons.collections4.queue,AbstractQueueTest.java,0.0
org.apache.commons.collections4.queue,CircularFifoQueueTest.java,0.0
org.apache.commons.collections4.queue,PredicatedQueueTest.java,0.22222222
org.apache.commons.collections4.queue,SynchronizedQueueTest.java,0.0
org.apache.commons.collections4.queue,TransformedQueueTest.java,0.0
org.apache.commons.collections4.queue,UnmodifiableQueueTest.java,0.0
org.apache.commons.collections4,QueueUtilsTest.java,1.0
org.apache.commons.collections4.sequence,ExecutionVisitor.java,0.9
org.apache.commons.collections4.set,TestNavigableSetSubSet.java,0.0
org.apache.commons.collections4.set,AbstractSetTest.java,0.0
org.apache.commons.collections4.set,TestSortedSetSubSet.java,0.0
org.apache.commons.collections4.set,CompositeSetTest.java,0.0
org.apache.commons.collections4.set,EmptySetMutator.java,0.33333334
org.apache.commons.collections4.set,ListOrderedSet2Test.java,0.4
org.apache.commons.collections4.set,B.java,0.0
org.apache.commons.collections4.set,MapBackedSet2Test.java,0.0
org.apache.commons.collections4.set,MapBackedSetTest.java,0.0
org.apache.commons.collections4.set,PredicatedNavigableSetTest.java,0.3611111
org.apache.commons.collections4.set,PredicatedSetTest.java,0.21428572
org.apache.commons.collections4.set,PredicatedSortedSetTest.java,0.3611111
org.apache.commons.collections4.set,TransformedNavigableSetTest.java,0.0
org.apache.commons.collections4.set,TransformedSetTest.java,0.0
org.apache.commons.collections4.set,TransformedSortedSetTest.java,0.0
org.apache.commons.collections4.set,UnmodifiableNavigableSetTest.java,0.3090909
org.apache.commons.collections4.set,UnmodifiableSetTest.java,0.0
org.apache.commons.collections4.set,UnmodifiableSortedSetTest.java,0.3090909
org.apache.commons.collections4,SetUtilsTest.java,0.8974359
org.apache.commons.collections4.splitmap,TransformedSplitMapTest.java,1.0
org.apache.commons.collections4,SplitMapUtilsTest.java,0.42857143
org.apache.commons.collections4,TestUtils.java,0.0
org.apache.commons.collections4,TransformerUtilsTest.java,0.89542484
org.apache.commons.collections4.trie,PatriciaTrie2Test.java,0.0
org.apache.commons.collections4.trie,PatriciaTrieTest.java,0.0
org.apache.commons.collections4.trie,UnmodifiableTrieTest.java,0.0
org.apache.commons.collections4,TrieUtilsTest.java,0.0
