Package;Class;Method;TCC
org.apache.commons.collections4;GuavaTestlibTest;GuavaTestlibTest;0.0
org.apache.commons.collections4;ListUtilsTest;ListUtilsTest;0.013227513227513227
org.apache.commons.collections4;MultiSetUtilsTest;MultiSetUtilsTest;0.0
org.apache.commons.collections4;BulkTest;BulkTest;0.0
org.apache.commons.collections4.trie;PatriciaTrieTest;PatriciaTrieTest;0.08888888888888889
org.apache.commons.collections4.trie;UnmodifiableTrieTest;UnmodifiableTrieTest;0.0
org.apache.commons.collections4.trie;PatriciaTrie2Test;PatriciaTrie2Test;0.0
org.apache.commons.collections4.sequence;SequencesComparatorTest;SequencesComparatorTest;0.19047619047619047
org.apache.commons.collections4;ClosureUtilsTest;ClosureUtilsTest;0.030303030303030304
org.apache.commons.collections4;TestUtils;TestUtils;0.0
org.apache.commons.collections4;PredicateUtilsTest;PredicateUtilsTest;0.0
org.apache.commons.collections4;ArrayStackTest;ArrayStackTest;0.3
org.apache.commons.collections4;MapPerformance;MapPerformance;0.0
org.apache.commons.collections4;BagUtilsTest;BagUtilsTest;0.0
org.apache.commons.collections4.comparators;AbstractNullComparatorTest;AbstractNullComparatorTest;1.0
org.apache.commons.collections4.comparators;TransformingComparatorTest;TransformingComparatorTest;0.0
org.apache.commons.collections4.comparators;FixedOrderComparatorTest;FixedOrderComparatorTest;0.08888888888888889
org.apache.commons.collections4.comparators;AbstractComparatorTest;AbstractComparatorTest;0.01282051282051282
org.apache.commons.collections4.comparators;ComparatorChainTest;ComparatorChainTest;0.10714285714285714
org.apache.commons.collections4.comparators;ComparableComparatorTest;ComparableComparatorTest;0.0
org.apache.commons.collections4.comparators;ReverseComparatorTest;ReverseComparatorTest;0.0
org.apache.commons.collections4.comparators;BooleanComparatorTest;BooleanComparatorTest;0.0
org.apache.commons.collections4;MockTestCase;MockTestCase;0.0
org.apache.commons.collections4;SetUtilsTest;SetUtilsTest;0.01282051282051282
org.apache.commons.collections4.multiset;AbstractMultiSetTest;AbstractMultiSetTest;0.4211822660098522
org.apache.commons.collections4.multiset;HashMultiSetTest;HashMultiSetTest;0.0
org.apache.commons.collections4.multiset;PredicatedMultiSetTest;PredicatedMultiSetTest;0.0
org.apache.commons.collections4.multiset;SynchronizedMultiSetTest;SynchronizedMultiSetTest;0.0
org.apache.commons.collections4.multiset;UnmodifiableMultiSetTest;UnmodifiableMultiSetTest;0.10989010989010989
org.apache.commons.collections4;ArrayUtilsTest;ArrayUtilsTest;0.0
org.apache.commons.collections4;AbstractArrayListTest;AbstractArrayListTest;0.3333333333333333
org.apache.commons.collections4;IterableUtilsTest;IterableUtilsTest;0.005050505050505051
org.apache.commons.collections4.set;ListOrderedSet2Test;ListOrderedSet2Test;0.2
org.apache.commons.collections4.set;AbstractSetTest;AbstractSetTest;0.0
org.apache.commons.collections4.set;TransformedSetTest;TransformedSetTest;0.0
org.apache.commons.collections4.set;CompositeSetTest;CompositeSetTest;0.038461538461538464
org.apache.commons.collections4.set;PredicatedNavigableSetTest;PredicatedNavigableSetTest;0.03571428571428571
org.apache.commons.collections4.set;TransformedNavigableSetTest;TransformedNavigableSetTest;0.0
org.apache.commons.collections4.set;PredicatedSortedSetTest;PredicatedSortedSetTest;0.03571428571428571
org.apache.commons.collections4.set;TransformedSortedSetTest;TransformedSortedSetTest;0.0
org.apache.commons.collections4.set;PredicatedSetTest;PredicatedSetTest;0.027777777777777776
org.apache.commons.collections4.set;AbstractNavigableSetTest;AbstractNavigableSetTest;0.07272727272727272
org.apache.commons.collections4.set;UnmodifiableSetTest;UnmodifiableSetTest;0.0
org.apache.commons.collections4.set;EmptySetMutator;EmptySetMutator;0.0
org.apache.commons.collections4.set;MapBackedSet2Test;MapBackedSet2Test;0.0
org.apache.commons.collections4.set;UnmodifiableNavigableSetTest;UnmodifiableNavigableSetTest;0.0
org.apache.commons.collections4.set;UnmodifiableSortedSetTest;UnmodifiableSortedSetTest;0.0
org.apache.commons.collections4.set;AbstractSortedSetTest;AbstractSortedSetTest;0.06060606060606061
org.apache.commons.collections4.set;ListOrderedSetTest;ListOrderedSetTest;0.08888888888888889
org.apache.commons.collections4.set;MapBackedSetTest;MapBackedSetTest;0.0
org.apache.commons.collections4.collection;IndexedCollectionTest;IndexedCollectionTest;0.0
org.apache.commons.collections4.collection;UnmodifiableBoundedCollectionTest;UnmodifiableBoundedCollectionTest;0.0
org.apache.commons.collections4.collection;PredicatedCollectionBuilderTest;PredicatedCollectionBuilderTest;0.2857142857142857
org.apache.commons.collections4.collection;AbstractCollectionTest;AbstractCollectionTest;0.009795918367346938
org.apache.commons.collections4.collection;PredicatedCollectionTest;PredicatedCollectionTest;0.022222222222222223
org.apache.commons.collections4.collection;UnmodifiableCollectionTest;UnmodifiableCollectionTest;0.0
org.apache.commons.collections4.collection;TransformedCollectionTest;TransformedCollectionTest;0.027777777777777776
org.apache.commons.collections4.collection;SynchronizedCollectionTest;SynchronizedCollectionTest;0.0
org.apache.commons.collections4.collection;CompositeCollectionTest;CompositeCollectionTest;0.007389162561576354
org.apache.commons.collections4;MultiMapUtilsTest;MultiMapUtilsTest;0.13333333333333333
org.apache.commons.collections4.multimap;UnmodifiableMultiValuedMapTest;UnmodifiableMultiValuedMapTest;0.010526315789473684
org.apache.commons.collections4.multimap;ArrayListValuedHashMapTest;ArrayListValuedHashMapTest;0.054945054945054944
org.apache.commons.collections4.multimap;HashSetValuedHashMapTest;HashSetValuedHashMapTest;0.01818181818181818
org.apache.commons.collections4.multimap;ArrayListValuedLinkedHashMapTest;ArrayListValuedLinkedHashMapTest;0.041666666666666664
org.apache.commons.collections4.multimap;AbstractMultiValuedMapTest;AbstractMultiValuedMapTest;0.01971153846153846
org.apache.commons.collections4.multimap;TransformedMultiValuedMapTest;TransformedMultiValuedMapTest;0.13333333333333333
org.apache.commons.collections4.multimap;LinkedHashSetValuedLinkedHashMapTest;LinkedHashSetValuedLinkedHashMapTest;0.030303030303030304
org.apache.commons.collections4;CollectionUtilsTest;CollectionUtilsTest;0.0028430345653149783
org.apache.commons.collections4;AbstractLinkedListTest;AbstractLinkedListTest;0.01818181818181818
org.apache.commons.collections4;TrieUtilsTest;TrieUtilsTest;1.0
org.apache.commons.collections4;ComparatorUtilsTest;ComparatorUtilsTest;0.06666666666666667
org.apache.commons.collections4.iterators;FilterListIteratorTest;FilterListIteratorTest;0.004329004329004329
org.apache.commons.collections4.iterators;ArrayListIteratorTest;ArrayListIteratorTest;0.0
org.apache.commons.collections4.iterators;IteratorEnumerationTest;IteratorEnumerationTest;1.0
org.apache.commons.collections4.iterators;PermutationIteratorTest;PermutationIteratorTest;0.03636363636363636
org.apache.commons.collections4.iterators;ObjectArrayListIteratorTest;ObjectArrayListIteratorTest;0.0
org.apache.commons.collections4.iterators;ArrayListIterator2Test;ArrayListIterator2Test;0.0
org.apache.commons.collections4.iterators;FilterIteratorTest;FilterIteratorTest;0.03133903133903134
org.apache.commons.collections4.iterators;LoopingListIteratorTest;LoopingListIteratorTest;0.3333333333333333
org.apache.commons.collections4.iterators;ReverseListIteratorTest;ReverseListIteratorTest;0.06666666666666667
org.apache.commons.collections4.iterators;ZippingIteratorTest;ZippingIteratorTest;0.044444444444444446
org.apache.commons.collections4.iterators;UnmodifiableOrderedMapIteratorTest;UnmodifiableOrderedMapIteratorTest;0.0
org.apache.commons.collections4.iterators;UnmodifiableListIteratorTest;UnmodifiableListIteratorTest;0.0
org.apache.commons.collections4.iterators;SingletonListIteratorTest;SingletonListIteratorTest;0.0
org.apache.commons.collections4.iterators;LoopingIteratorTest;LoopingIteratorTest;0.5357142857142857
org.apache.commons.collections4.iterators;ObjectArrayListIterator2Test;ObjectArrayListIterator2Test;0.0
org.apache.commons.collections4.iterators;BoundedIteratorTest;BoundedIteratorTest;0.05
org.apache.commons.collections4.iterators;AbstractOrderedMapIteratorTest;AbstractOrderedMapIteratorTest;0.1
org.apache.commons.collections4.iterators;ObjectGraphIteratorTest;ObjectGraphIteratorTest;0.1111111111111111
org.apache.commons.collections4.iterators;ListIteratorWrapper2Test;ListIteratorWrapper2Test;0.06666666666666667
org.apache.commons.collections4.iterators;AbstractIteratorTest;AbstractIteratorTest;0.06666666666666667
org.apache.commons.collections4.iterators;ArrayIterator2Test;ArrayIterator2Test;0.0
org.apache.commons.collections4.iterators;CollatingIteratorTest;CollatingIteratorTest;0.045454545454545456
org.apache.commons.collections4.iterators;LazyIteratorChainTest;LazyIteratorChainTest;0.03571428571428571
org.apache.commons.collections4.iterators;IteratorChainTest;IteratorChainTest;0.01282051282051282
org.apache.commons.collections4.iterators;ListIteratorWrapperTest;ListIteratorWrapperTest;0.06666666666666667
org.apache.commons.collections4.iterators;CartesianProductIteratorTest;CartesianProductIteratorTest;0.28205128205128205
org.apache.commons.collections4.iterators;UniqueFilterIteratorTest;UniqueFilterIteratorTest;0.0
org.apache.commons.collections4.iterators;AbstractListIteratorTest;AbstractListIteratorTest;0.09090909090909091
org.apache.commons.collections4.iterators;UnmodifiableMapIteratorTest;UnmodifiableMapIteratorTest;0.0
org.apache.commons.collections4.iterators;ArrayIteratorTest;ArrayIteratorTest;0.0
org.apache.commons.collections4.iterators;PeekingIteratorTest;PeekingIteratorTest;0.13333333333333333
org.apache.commons.collections4.iterators;NodeListIteratorTest;NodeListIteratorTest;0.0
org.apache.commons.collections4.iterators;UnmodifiableIteratorTest;UnmodifiableIteratorTest;0.0
org.apache.commons.collections4.iterators;ObjectArrayIteratorTest;ObjectArrayIteratorTest;0.0
org.apache.commons.collections4.iterators;PushbackIteratorTest;PushbackIteratorTest;0.16666666666666666
org.apache.commons.collections4.iterators;AbstractMapIteratorTest;AbstractMapIteratorTest;0.16483516483516483
org.apache.commons.collections4.iterators;SkippingIteratorTest;SkippingIteratorTest;0.07692307692307693
org.apache.commons.collections4.iterators;IteratorIterableTest;IteratorIterableTest;0.16666666666666666
org.apache.commons.collections4.iterators;SingletonIteratorTest;SingletonIteratorTest;0.0
org.apache.commons.collections4.iterators;ExtendedIteratorTest;ExtendedIteratorTest;0.045454545454545456
org.apache.commons.collections4.iterators;SingletonIterator2Test;SingletonIterator2Test;0.0
org.apache.commons.collections4.bloomfilter;BloomFilterExtractorTest;BloomFilterExtractorTest;0.0
org.apache.commons.collections4.bloomfilter;DefaultIndexExtractorTest;DefaultIndexExtractorTest;0.01818181818181818
org.apache.commons.collections4.bloomfilter;IndexExtractorTest;IndexExtractorTest;0.0
org.apache.commons.collections4.bloomfilter;BloomFilterExtractorFromLayeredBloomFilterTest;BloomFilterExtractorFromLayeredBloomFilterTest;1.0
org.apache.commons.collections4.bloomfilter;BitMapsTest;BitMapsTest;0.03571428571428571
org.apache.commons.collections4.bloomfilter;SetOperationsTest;SetOperationsTest;0.14166666666666666
org.apache.commons.collections4.bloomfilter;IndexExtractorFromSimpleBloomFilterTest;IndexExtractorFromSimpleBloomFilterTest;0.0
org.apache.commons.collections4.bloomfilter;WrappedBloomFilterTest;WrappedBloomFilterTest;0.0
org.apache.commons.collections4.bloomfilter;ArrayHasher;ArrayHasher;1.0
org.apache.commons.collections4.bloomfilter;SparseBloomFilterTest;SparseBloomFilterTest;0.0
org.apache.commons.collections4.bloomfilter;IndexExtractorFromBitmapExtractorTest;IndexExtractorFromBitmapExtractorTest;0.0
org.apache.commons.collections4.bloomfilter;AbstractBloomFilterExtractorTest;AbstractBloomFilterExtractorTest;0.0
org.apache.commons.collections4.bloomfilter;EnhancedDoubleHasherTest;EnhancedDoubleHasherTest;0.0
org.apache.commons.collections4.bloomfilter;ArrayCountingBloomFilterTest;ArrayCountingBloomFilterTest;1.0
org.apache.commons.collections4.bloomfilter;AbstractBitMapExtractorTest;AbstractBitMapExtractorTest;0.0
org.apache.commons.collections4.bloomfilter;TestingHashers;TestingHashers;0.0
org.apache.commons.collections4.bloomfilter;DefaultCellExtractorTest;DefaultCellExtractorTest;0.0
org.apache.commons.collections4.bloomfilter;CellExtractorFromDefaultIndexExtractorTest;CellExtractorFromDefaultIndexExtractorTest;0.0
org.apache.commons.collections4.bloomfilter;AbstractHasherTest;AbstractHasherTest;0.0
org.apache.commons.collections4.bloomfilter;CountingPredicateTest;CountingPredicateTest;0.5
org.apache.commons.collections4.bloomfilter;SimpleBloomFilterTest;SimpleBloomFilterTest;0.0
org.apache.commons.collections4.bloomfilter;BloomFilterExtractorFromBloomFilterArrayTest;BloomFilterExtractorFromBloomFilterArrayTest;1.0
org.apache.commons.collections4.bloomfilter;BitMapExtractorFromLongArrayTest;BitMapExtractorFromLongArrayTest;0.0
org.apache.commons.collections4.bloomfilter;BitMapExtractorFromArrayCountingBloomFilterTest;BitMapExtractorFromArrayCountingBloomFilterTest;0.0
org.apache.commons.collections4.bloomfilter;AbstractCountingBloomFilterTest;AbstractCountingBloomFilterTest;0.02197802197802198
org.apache.commons.collections4.bloomfilter;AbstractIndexExtractorTest;AbstractIndexExtractorTest;0.01098901098901099
org.apache.commons.collections4.bloomfilter;NullHasher;NullHasher;1.0
org.apache.commons.collections4.bloomfilter;IndexExtractorFromArrayCountingBloomFilterTest;IndexExtractorFromArrayCountingBloomFilterTest;0.0
org.apache.commons.collections4.bloomfilter;IndexFilterTest;IndexFilterTest;1.0
org.apache.commons.collections4.bloomfilter;BitMapTrackerTest;BitMapTrackerTest;1.0
org.apache.commons.collections4.bloomfilter;IndexExtractorFromUniqueHasherTest;IndexExtractorFromUniqueHasherTest;0.0
org.apache.commons.collections4.bloomfilter;DefaultBloomFilterTest;DefaultBloomFilterTest;0.0
org.apache.commons.collections4.bloomfilter;DefaultBloomFilterExtractorTest;DefaultBloomFilterExtractorTest;1.0
org.apache.commons.collections4.bloomfilter;IndexExtractorFromSparseBloomFilterTest;IndexExtractorFromSparseBloomFilterTest;0.0
org.apache.commons.collections4.bloomfilter;CellExtractorFromArrayCountingBloomFilterTest;CellExtractorFromArrayCountingBloomFilterTest;0.0
org.apache.commons.collections4.bloomfilter;IndexExtractorFromHasherTest;IndexExtractorFromHasherTest;0.0
org.apache.commons.collections4.bloomfilter;IndexExtractorFromIntArrayTest;IndexExtractorFromIntArrayTest;0.0
org.apache.commons.collections4.bloomfilter;ArrayTrackerTest;ArrayTrackerTest;1.0
org.apache.commons.collections4.bloomfilter;IncrementingHasher;IncrementingHasher;1.0
org.apache.commons.collections4.bloomfilter;BitMapExtractorFromLayeredBloomFilterTest;BitMapExtractorFromLayeredBloomFilterTest;0.0
org.apache.commons.collections4.bloomfilter;ShapeTest;ShapeTest;0.0
org.apache.commons.collections4.bloomfilter;CellExtractorFromLayeredBloomFilterTest;CellExtractorFromLayeredBloomFilterTest;0.0
org.apache.commons.collections4.bloomfilter;BitMapExtractorFromIndexExtractorTest;BitMapExtractorFromIndexExtractorTest;0.0
org.apache.commons.collections4.bloomfilter;BitMapExtractorFromWrappedBloomFilterTest;BitMapExtractorFromWrappedBloomFilterTest;1.0
org.apache.commons.collections4.bloomfilter;AbstractBloomFilterTest;AbstractBloomFilterTest;0.022792022792022793
org.apache.commons.collections4.bloomfilter;LayeredBloomFilterTest;LayeredBloomFilterTest;0.032679738562091505
org.apache.commons.collections4.bloomfilter;LayerManagerTest;LayerManagerTest;0.022058823529411766
org.apache.commons.collections4.bloomfilter;BitMapExtractorFromSimpleBloomFilterTest;BitMapExtractorFromSimpleBloomFilterTest;0.0
org.apache.commons.collections4.bloomfilter;BitMapExtractorFromSparseBloomFilterTest;BitMapExtractorFromSparseBloomFilterTest;0.0
org.apache.commons.collections4.bloomfilter;AbstractCellExtractorTest;AbstractCellExtractorTest;0.0
org.apache.commons.collections4.bloomfilter;DefaultBitMapExtractorTest;DefaultBitMapExtractorTest;0.0
org.apache.commons.collections4;AbstractTreeMapTest;AbstractTreeMapTest;0.16666666666666666
org.apache.commons.collections4;TransformerUtilsTest;TransformerUtilsTest;0.013071895424836602
org.apache.commons.collections4;EnumerationUtilsTest;EnumerationUtilsTest;0.0
org.apache.commons.collections4;FactoryUtilsTest;FactoryUtilsTest;0.0
org.apache.commons.collections4.properties;SortedPropertiesTest;SortedPropertiesTest;1.0
org.apache.commons.collections4.properties;PropertiesFactoryTest;PropertiesFactoryTest;1.0
org.apache.commons.collections4.properties;AbstractPropertiesFactoryTest;AbstractPropertiesFactoryTest;0.0
org.apache.commons.collections4.properties;OrderedPropertiesTest;OrderedPropertiesTest;0.21323529411764705
org.apache.commons.collections4.properties;SortedPropertiesFactoryTest;SortedPropertiesFactoryTest;1.0
org.apache.commons.collections4.properties;OrderedPropertiesFactoryTest;OrderedPropertiesFactoryTest;1.0
org.apache.commons.collections4.properties;EmptyPropertiesTest;EmptyPropertiesTest;0.005490196078431373
org.apache.commons.collections4.functors;CatchAndRethrowClosureTest;CatchAndRethrowClosureTest;0.0
org.apache.commons.collections4.functors;AbstractMockPredicateTest;AbstractMockPredicateTest;0.0
org.apache.commons.collections4.functors;AbstractPredicateTest;AbstractPredicateTest;0.0
org.apache.commons.collections4.functors;AbstractAnyAllOnePredicateTest;AbstractAnyAllOnePredicateTest;0.3333333333333333
org.apache.commons.collections4.functors;ComparatorPredicateTest;ComparatorPredicateTest;0.6666666666666666
org.apache.commons.collections4.functors;AllPredicateTest;AllPredicateTest;0.0
org.apache.commons.collections4.functors;EqualPredicateTest;EqualPredicateTest;0.0
org.apache.commons.collections4.functors;AbstractCompositePredicateTest;AbstractCompositePredicateTest;0.022222222222222223
org.apache.commons.collections4.functors;NullPredicateTest;NullPredicateTest;0.0
org.apache.commons.collections4.functors;AbstractClosureTest;AbstractClosureTest;0.0
org.apache.commons.collections4;QueueUtilsTest;QueueUtilsTest;0.0
org.apache.commons.collections4.map;ReferenceMapTest;ReferenceMapTest;0.0
org.apache.commons.collections4.map;TransformedMapTest;TransformedMapTest;0.1
org.apache.commons.collections4.map;SingletonMapTest;SingletonMapTest;0.05454545454545454
org.apache.commons.collections4.map;ConcurrentReferenceHashMapKWeakVStrongIdCTest;ConcurrentReferenceHashMapKWeakVStrongIdCTest;1.0
org.apache.commons.collections4.map;ConcurrentReferenceHashMapKSoftVSoftTest;ConcurrentReferenceHashMapKSoftVSoftTest;1.0
org.apache.commons.collections4.map;AbstractSortedMapTest;AbstractSortedMapTest;0.015151515151515152
org.apache.commons.collections4.map;UnmodifiableOrderedMapTest;UnmodifiableOrderedMapTest;0.0
org.apache.commons.collections4.map;LazySortedMapTest;LazySortedMapTest;0.03571428571428571
org.apache.commons.collections4.map;LinkedMapTest;LinkedMapTest;0.038461538461538464
org.apache.commons.collections4.map;Flat3MapTest;Flat3MapTest;0.17517006802721088
org.apache.commons.collections4.map;ConcurrentReferenceHashMapKWeakVStrongTest;ConcurrentReferenceHashMapKWeakVStrongTest;1.0
org.apache.commons.collections4.map;ConcurrentReferenceHashMapKSoftVSoftIdCTest;ConcurrentReferenceHashMapKSoftVSoftIdCTest;1.0
org.apache.commons.collections4.map;PredicatedMapTest;PredicatedMapTest;0.06666666666666667
org.apache.commons.collections4.map;HashedMapTest;HashedMapTest;0.0
org.apache.commons.collections4.map;FixedSizeMapTest;FixedSizeMapTest;0.0
org.apache.commons.collections4.map;ConcurrentReferenceHashMapKStrongVStrongTest;ConcurrentReferenceHashMapKStrongVStrongTest;1.0
org.apache.commons.collections4.map;ConcurrentReferenceHashMapKSoftVWeakIdCTest;ConcurrentReferenceHashMapKSoftVWeakIdCTest;1.0
org.apache.commons.collections4.map;ConcurrentReferenceHashMapKStrongVWeakTest;ConcurrentReferenceHashMapKStrongVWeakTest;1.0
org.apache.commons.collections4.map;ConcurrentReferenceHashMapKStrongVSoftIdCTest;ConcurrentReferenceHashMapKStrongVSoftIdCTest;1.0
org.apache.commons.collections4.map;ListOrderedMapTest;ListOrderedMapTest;0.1286549707602339
org.apache.commons.collections4.map;UnmodifiableMapTest;UnmodifiableMapTest;0.0
org.apache.commons.collections4.map;ConcurrentReferenceHashMapTest;ConcurrentReferenceHashMapTest;1.0
org.apache.commons.collections4.map;PredicatedSortedMapTest;PredicatedSortedMapTest;0.01818181818181818
org.apache.commons.collections4.map;ConcurrentReferenceHashMapDefaultsTest;ConcurrentReferenceHashMapDefaultsTest;1.0
org.apache.commons.collections4.map;CaseInsensitiveMapTest;CaseInsensitiveMapTest;0.0
org.apache.commons.collections4.map;LRUMapTest;LRUMapTest;0.0380952380952381
org.apache.commons.collections4.map;ConcurrentHashMapSanityTest;ConcurrentHashMapSanityTest;0.0
org.apache.commons.collections4.map;ConcurrentReferenceHashMapKWeakVSoftIdCTest;ConcurrentReferenceHashMapKWeakVSoftIdCTest;1.0
org.apache.commons.collections4.map;ConcurrentReferenceHashMapKWeakVWeakIdCTest;ConcurrentReferenceHashMapKWeakVWeakIdCTest;1.0
org.apache.commons.collections4.map;UnmodifiableSortedMapTest;UnmodifiableSortedMapTest;0.10909090909090909
org.apache.commons.collections4.map;FixedSizeSortedMapTest;FixedSizeSortedMapTest;0.0
org.apache.commons.collections4.map;ConcurrentReferenceHashMapKStrongVStrongIdCTest;ConcurrentReferenceHashMapKStrongVStrongIdCTest;1.0
org.apache.commons.collections4.map;ReferenceIdentityMapTest;ReferenceIdentityMapTest;0.015151515151515152
org.apache.commons.collections4.map;ConcurrentReferenceHashMapKSoftVWeakTest;ConcurrentReferenceHashMapKSoftVWeakTest;1.0
org.apache.commons.collections4.map;AbstractConcurrentReferenceHashMapTest;AbstractConcurrentReferenceHashMapTest;0.0
org.apache.commons.collections4.map;DefaultedMapTest;DefaultedMapTest;0.14285714285714285
org.apache.commons.collections4.map;MultiKeyMapTest;MultiKeyMapTest;0.06190476190476191
org.apache.commons.collections4.map;AbstractIterableMapTest;AbstractIterableMapTest;0.0
org.apache.commons.collections4.map;TransformedSortedMapTest;TransformedSortedMapTest;0.06666666666666667
org.apache.commons.collections4.map;ConcurrentReferenceHashMapKWeakVWeakTest;ConcurrentReferenceHashMapKWeakVWeakTest;1.0
org.apache.commons.collections4.map;ListOrderedMap2Test;ListOrderedMap2Test;0.16666666666666666
org.apache.commons.collections4.map;ConcurrentReferenceHashMapKWeakVSoftTest;ConcurrentReferenceHashMapKWeakVSoftTest;1.0
org.apache.commons.collections4.map;EmptyMapMutator;EmptyMapMutator;0.0
org.apache.commons.collections4.map;StaticBucketMapTest;StaticBucketMapTest;0.3
org.apache.commons.collections4.map;PassiveExpiringMapTest;PassiveExpiringMapTest;0.0935672514619883
org.apache.commons.collections4.map;ConcurrentReferenceHashMapKSoftVStrongIdCTest;ConcurrentReferenceHashMapKSoftVStrongIdCTest;1.0
org.apache.commons.collections4.map;CompositeMapTest;CompositeMapTest;0.07692307692307693
org.apache.commons.collections4.map;MultiValueMapTest;MultiValueMapTest;0.011764705882352941
org.apache.commons.collections4.map;AbstractMapTest;AbstractMapTest;0.011422172452407614
org.apache.commons.collections4.map;HashMapSanityTest;HashMapSanityTest;0.0
org.apache.commons.collections4.map;ConcurrentReferenceHashMapKStrongVSoftTest;ConcurrentReferenceHashMapKStrongVSoftTest;1.0
org.apache.commons.collections4.map;AbstractOrderedMapTest;AbstractOrderedMapTest;0.13333333333333333
org.apache.commons.collections4.map;LazyMapTest;LazyMapTest;0.0
org.apache.commons.collections4.map;IdentityMap;IdentityMap;0.0
org.apache.commons.collections4.map;ConcurrentReferenceHashMapKStrongVWeakIdCTest;ConcurrentReferenceHashMapKStrongVWeakIdCTest;1.0
org.apache.commons.collections4.map;ConcurrentReferenceHashMapKSoftVStrongTest;ConcurrentReferenceHashMapKSoftVStrongTest;1.0
org.apache.commons.collections4;IteratorUtilsTest;IteratorUtilsTest;0.006892230576441102
org.apache.commons.collections4.bag;TransformedBagTest;TransformedBagTest;0.1
org.apache.commons.collections4.bag;TreeBagTest;TreeBagTest;0.06666666666666667
org.apache.commons.collections4.bag;UnmodifiableBagTest;UnmodifiableBagTest;0.0
org.apache.commons.collections4.bag;PredicatedSortedBagTest;PredicatedSortedBagTest;0.047619047619047616
org.apache.commons.collections4.bag;SynchronizedBagTest;SynchronizedBagTest;0.0
org.apache.commons.collections4.bag;CollectionBagTest;CollectionBagTest;0.027777777777777776
org.apache.commons.collections4.bag;AbstractBagTest;AbstractBagTest;0.4523809523809524
org.apache.commons.collections4.bag;PredicatedBagTest;PredicatedBagTest;0.0
org.apache.commons.collections4.bag;TransformedSortedBagTest;TransformedSortedBagTest;0.16666666666666666
org.apache.commons.collections4.bag;CollectionSortedBagTest;CollectionSortedBagTest;0.027777777777777776
org.apache.commons.collections4.bag;HashBagTest;HashBagTest;0.0
org.apache.commons.collections4.bag;AbstractSortedBagTest;AbstractSortedBagTest;0.022222222222222223
org.apache.commons.collections4.bag;UnmodifiableSortedBagTest;UnmodifiableSortedBagTest;0.0
org.apache.commons.collections4;FluentIterableTest;FluentIterableTest;0.005698005698005698
org.apache.commons.collections4;MapUtilsTest;MapUtilsTest;0.027589326096788783
org.apache.commons.collections4.junit;ObjectToStringComparator;ObjectToStringComparator;1.0
org.apache.commons.collections4.splitmap;TransformedSplitMapTest;TransformedSplitMapTest;0.3333333333333333
org.apache.commons.collections4;AbstractObjectTest;AbstractObjectTest;0.014492753623188406
org.apache.commons.collections4.list;UnmodifiableListTest;UnmodifiableListTest;0.0
org.apache.commons.collections4.list;NodeCachingLinkedListTest;NodeCachingLinkedListTest;0.0
org.apache.commons.collections4.list;GrowthListTest;GrowthListTest;0.24242424242424243
org.apache.commons.collections4.list;CursorableLinkedListTest;CursorableLinkedListTest;0.07617051013277429
org.apache.commons.collections4.list;SetUniqueListTest;SetUniqueListTest;0.015873015873015872
org.apache.commons.collections4.list;AbstractLinkedListTest;AbstractLinkedListTest;0.47619047619047616
org.apache.commons.collections4.list;PredicatedListTest;PredicatedListTest;0.2222222222222222
org.apache.commons.collections4.list;AbstractListTest;AbstractListTest;0.01932367149758454
org.apache.commons.collections4.list;LazyListTest;LazyListTest;0.08974358974358974
org.apache.commons.collections4.list;DefaultAbstractLinkedListJava21Test;DefaultAbstractLinkedListJava21Test;0.19047619047619047
org.apache.commons.collections4.list;FixedSizeListTest;FixedSizeListTest;0.07692307692307693
org.apache.commons.collections4.list;TreeListTest;TreeListTest;0.08888888888888889
org.apache.commons.collections4.list;Collections701Test;Collections701Test;0.0
org.apache.commons.collections4.list;TransformedListTest;TransformedListTest;0.0
org.apache.commons.collections4;SplitMapUtilsTest;SplitMapUtilsTest;0.0
org.apache.commons.collections4.keyvalue;DefaultKeyValueTest;DefaultKeyValueTest;0.03571428571428571
org.apache.commons.collections4.keyvalue;DefaultMapEntryTest;DefaultMapEntryTest;0.0
org.apache.commons.collections4.keyvalue;TiedMapEntryTest;TiedMapEntryTest;0.0
org.apache.commons.collections4.keyvalue;UnmodifiableMapEntryTest;UnmodifiableMapEntryTest;0.0
org.apache.commons.collections4.keyvalue;MultiKeyTest;MultiKeyTest;0.0641025641025641
org.apache.commons.collections4.keyvalue;AbstractMapEntryTest;AbstractMapEntryTest;0.0
org.apache.commons.collections4.queue;PredicatedQueueTest;PredicatedQueueTest;0.027777777777777776
org.apache.commons.collections4.queue;TransformedQueueTest;TransformedQueueTest;0.047619047619047616
org.apache.commons.collections4.queue;AbstractQueueTest;AbstractQueueTest;0.041666666666666664
org.apache.commons.collections4.queue;UnmodifiableQueueTest;UnmodifiableQueueTest;0.03296703296703297
org.apache.commons.collections4.queue;SynchronizedQueueTest;SynchronizedQueueTest;0.0
org.apache.commons.collections4.queue;CircularFifoQueueTest;CircularFifoQueueTest;0.10541310541310542
org.apache.commons.collections4.bidimap;DualLinkedHashBidiMapTest;DualLinkedHashBidiMapTest;0.0
org.apache.commons.collections4.bidimap;TreeBidiMapTest;TreeBidiMapTest;0.0
org.apache.commons.collections4.bidimap;DualTreeBidiMap2Test;DualTreeBidiMap2Test;0.0
org.apache.commons.collections4.bidimap;AbstractOrderedBidiMapDecoratorTest;AbstractOrderedBidiMapDecoratorTest;0.0
org.apache.commons.collections4.bidimap;DualTreeBidiMapTest;DualTreeBidiMapTest;1.0
org.apache.commons.collections4.bidimap;UnmodifiableSortedBidiMapTest;UnmodifiableSortedBidiMapTest;0.0
org.apache.commons.collections4.bidimap;AbstractBidiMapTest;AbstractBidiMapTest;0.0
org.apache.commons.collections4.bidimap;UnmodifiableBidiMapTest;UnmodifiableBidiMapTest;0.0
org.apache.commons.collections4.bidimap;AbstractOrderedBidiMapTest;AbstractOrderedBidiMapTest;0.4
org.apache.commons.collections4.bidimap;DualHashBidiMapTest;DualHashBidiMapTest;0.0
org.apache.commons.collections4.bidimap;UnmodifiableOrderedBidiMapTest;UnmodifiableOrderedBidiMapTest;0.0
org.apache.commons.collections4.bidimap;AbstractSortedBidiMapTest;AbstractSortedBidiMapTest;0.3142857142857143
org.apache.commons.collections4;Predicate;Predicate;0.0
org.apache.commons.collections4;EnumerationUtils;EnumerationUtils;0.0
org.apache.commons.collections4.trie;AbstractBitwiseTrie;AbstractBitwiseTrie;0.0
org.apache.commons.collections4.trie.analyzer;StringKeyAnalyzer;StringKeyAnalyzer;0.0
org.apache.commons.collections4.trie;PatriciaTrie;PatriciaTrie;1.0
org.apache.commons.collections4.trie;KeyAnalyzer;KeyAnalyzer;0.0
org.apache.commons.collections4.trie;AbstractPatriciaTrie;AbstractPatriciaTrie;0.0
org.apache.commons.collections4.trie;UnmodifiableTrie;UnmodifiableTrie;0.0
org.apache.commons.collections4;MapIterator;MapIterator;0.0
org.apache.commons.collections4;SortedBidiMap;SortedBidiMap;0.0
org.apache.commons.collections4.sequence;EditCommand;EditCommand;0.0
org.apache.commons.collections4.sequence;KeepCommand;KeepCommand;1.0
org.apache.commons.collections4.sequence;SequencesComparator;SequencesComparator;0.0
org.apache.commons.collections4.sequence;EditScript;EditScript;0.0
org.apache.commons.collections4.sequence;DeleteCommand;DeleteCommand;1.0
org.apache.commons.collections4.sequence;CommandVisitor;CommandVisitor;0.0
org.apache.commons.collections4.sequence;ReplacementsHandler;ReplacementsHandler;1.0
org.apache.commons.collections4.sequence;ReplacementsFinder;ReplacementsFinder;0.0
org.apache.commons.collections4.sequence;InsertCommand;InsertCommand;1.0
org.apache.commons.collections4;FactoryUtils;FactoryUtils;0.0
org.apache.commons.collections4;ComparatorUtils;ComparatorUtils;0.022222222222222223
org.apache.commons.collections4;IterableMap;IterableMap;1.0
org.apache.commons.collections4;MapUtils;MapUtils;4.675081813931744E-4
org.apache.commons.collections4;Get;Get;0.0
org.apache.commons.collections4;OrderedMap;OrderedMap;0.0
org.apache.commons.collections4;FluentIterable;FluentIterable;0.0
org.apache.commons.collections4;IteratorUtils;IteratorUtils;0.0011106997408367272
org.apache.commons.collections4;IterableUtils;IterableUtils;0.00101010101010101
org.apache.commons.collections4.comparators;BooleanComparator;BooleanComparator;0.0
org.apache.commons.collections4.comparators;TransformingComparator;TransformingComparator;0.0
org.apache.commons.collections4.comparators;ComparatorChain;ComparatorChain;0.0
org.apache.commons.collections4.comparators;NullComparator;NullComparator;0.0
org.apache.commons.collections4.comparators;FixedOrderComparator;FixedOrderComparator;0.0
org.apache.commons.collections4.comparators;ReverseComparator;ReverseComparator;0.0
org.apache.commons.collections4.comparators;ComparableComparator;ComparableComparator;0.0
org.apache.commons.collections4;MultiMapUtils;MultiMapUtils;0.05454545454545454
org.apache.commons.collections4;Closure;Closure;0.0
org.apache.commons.collections4;SetValuedMap;SetValuedMap;0.0
org.apache.commons.collections4;TrieUtils;TrieUtils;1.0
org.apache.commons.collections4;SplitMapUtils;SplitMapUtils;0.0
org.apache.commons.collections4.multiset;AbstractMultiSet;AbstractMultiSet;0.003952569169960474
org.apache.commons.collections4.multiset;SynchronizedMultiSet;SynchronizedMultiSet;0.0
org.apache.commons.collections4.multiset;AbstractMapMultiSet;AbstractMapMultiSet;0.005847953216374269
org.apache.commons.collections4.multiset;HashMultiSet;HashMultiSet;0.0
org.apache.commons.collections4.multiset;AbstractMultiSetDecorator;AbstractMultiSetDecorator;0.0
org.apache.commons.collections4.multiset;UnmodifiableMultiSet;UnmodifiableMultiSet;0.0
org.apache.commons.collections4.multiset;PredicatedMultiSet;PredicatedMultiSet;0.0
org.apache.commons.collections4;MultiMap;MultiMap;0.0
org.apache.commons.collections4;ArrayStack;ArrayStack;0.0
org.apache.commons.collections4.set;MapBackedSet;MapBackedSet;0.006535947712418301
org.apache.commons.collections4.set;AbstractSerializableSetDecorator;AbstractSerializableSetDecorator;0.0
org.apache.commons.collections4.set;TransformedSet;TransformedSet;0.0
org.apache.commons.collections4.set;PredicatedSet;PredicatedSet;0.0
org.apache.commons.collections4.set;UnmodifiableSortedSet;UnmodifiableSortedSet;0.0
org.apache.commons.collections4.set;ListOrderedSet;ListOrderedSet;0.005263157894736842
org.apache.commons.collections4.set;UnmodifiableNavigableSet;UnmodifiableNavigableSet;0.0
org.apache.commons.collections4.set;TransformedNavigableSet;TransformedNavigableSet;0.0
org.apache.commons.collections4.set;PredicatedSortedSet;PredicatedSortedSet;0.0
org.apache.commons.collections4.set;UnmodifiableSet;UnmodifiableSet;0.0
org.apache.commons.collections4.set;PredicatedNavigableSet;PredicatedNavigableSet;0.0
org.apache.commons.collections4.set;CompositeSet;CompositeSet;0.0036231884057971015
org.apache.commons.collections4.set;AbstractSortedSetDecorator;AbstractSortedSetDecorator;0.0
org.apache.commons.collections4.set;TransformedSortedSet;TransformedSortedSet;0.0
org.apache.commons.collections4.set;AbstractNavigableSetDecorator;AbstractNavigableSetDecorator;0.0
org.apache.commons.collections4.set;AbstractSetDecorator;AbstractSetDecorator;0.0
org.apache.commons.collections4.collection;SynchronizedCollection;SynchronizedCollection;0.0
org.apache.commons.collections4.collection;AbstractCollectionDecorator;AbstractCollectionDecorator;0.0
org.apache.commons.collections4.collection;TransformedCollection;TransformedCollection;0.0
org.apache.commons.collections4.collection;UnmodifiableCollection;UnmodifiableCollection;0.0
org.apache.commons.collections4.collection;UnmodifiableBoundedCollection;UnmodifiableBoundedCollection;0.0
org.apache.commons.collections4.collection;CompositeCollection;CompositeCollection;0.004329004329004329
org.apache.commons.collections4.collection;IndexedCollection;IndexedCollection;0.0
org.apache.commons.collections4.collection;PredicatedCollection;PredicatedCollection;0.0
org.apache.commons.collections4;Unmodifiable;Unmodifiable;1.0
org.apache.commons.collections4.multimap;AbstractMultiValuedMapDecorator;AbstractMultiValuedMapDecorator;0.0
org.apache.commons.collections4.multimap;TransformedMultiValuedMap;TransformedMultiValuedMap;0.03571428571428571
org.apache.commons.collections4.multimap;AbstractSetValuedMap;AbstractSetValuedMap;0.0
org.apache.commons.collections4.multimap;AbstractMultiValuedMap;AbstractMultiValuedMap;0.0026455026455026454
org.apache.commons.collections4.multimap;ArrayListValuedLinkedHashMap;ArrayListValuedLinkedHashMap;0.0
org.apache.commons.collections4.multimap;UnmodifiableMultiValuedMap;UnmodifiableMultiValuedMap;0.0
org.apache.commons.collections4.multimap;AbstractListValuedMap;AbstractListValuedMap;0.0
org.apache.commons.collections4.multimap;ArrayListValuedHashMap;ArrayListValuedHashMap;0.0
org.apache.commons.collections4.multimap;LinkedHashSetValuedLinkedHashMap;LinkedHashSetValuedLinkedHashMap;0.0
org.apache.commons.collections4.multimap;HashSetValuedHashMap;HashSetValuedHashMap;0.0
org.apache.commons.collections4;ResettableIterator;ResettableIterator;1.0
org.apache.commons.collections4.iterators;ReverseListIterator;ReverseListIterator;0.0
org.apache.commons.collections4.iterators;IteratorChain;IteratorChain;0.0
org.apache.commons.collections4.iterators;EnumerationIterator;EnumerationIterator;0.0
org.apache.commons.collections4.iterators;ObjectArrayIterator;ObjectArrayIterator;0.0
org.apache.commons.collections4.iterators;AbstractMapIteratorDecorator;AbstractMapIteratorDecorator;0.0
org.apache.commons.collections4.iterators;LoopingIterator;LoopingIterator;0.0
org.apache.commons.collections4.iterators;EmptyOrderedIterator;EmptyOrderedIterator;1.0
org.apache.commons.collections4.iterators;LoopingListIterator;LoopingListIterator;0.0
org.apache.commons.collections4.iterators;AbstractOrderedMapIteratorDecorator;AbstractOrderedMapIteratorDecorator;0.0
org.apache.commons.collections4.iterators;EmptyMapIterator;EmptyMapIterator;1.0
org.apache.commons.collections4.iterators;AbstractUntypedIteratorDecorator;AbstractUntypedIteratorDecorator;0.0
org.apache.commons.collections4.iterators;IteratorOperations;IteratorOperations;0.0
org.apache.commons.collections4.iterators;FilterListIterator;FilterListIterator;0.0
org.apache.commons.collections4.iterators;AbstractEmptyIterator;AbstractEmptyIterator;0.0
org.apache.commons.collections4.iterators;SkippingIterator;SkippingIterator;0.0
org.apache.commons.collections4.iterators;EntrySetMapIterator;EntrySetMapIterator;0.0
org.apache.commons.collections4.iterators;UnmodifiableListIterator;UnmodifiableListIterator;0.0
org.apache.commons.collections4.iterators;AbstractIteratorDecorator;AbstractIteratorDecorator;1.0
org.apache.commons.collections4.iterators;UnmodifiableOrderedMapIterator;UnmodifiableOrderedMapIterator;0.0
org.apache.commons.collections4.iterators;SingletonListIterator;SingletonListIterator;0.0
org.apache.commons.collections4.iterators;BoundedIterator;BoundedIterator;0.0
org.apache.commons.collections4.iterators;UniqueFilterIterator;UniqueFilterIterator;1.0
org.apache.commons.collections4.iterators;ObjectArrayListIterator;ObjectArrayListIterator;0.0
org.apache.commons.collections4.iterators;PushbackIterator;PushbackIterator;0.0
org.apache.commons.collections4.iterators;EmptyIterator;EmptyIterator;0.0
org.apache.commons.collections4.iterators;ZippingIterator;ZippingIterator;0.0
org.apache.commons.collections4.iterators;TransformIterator;TransformIterator;0.0
org.apache.commons.collections4.iterators;CartesianProductIterator;CartesianProductIterator;0.0
org.apache.commons.collections4.iterators;IteratorIterable;IteratorIterable;0.0
org.apache.commons.collections4.iterators;AbstractEmptyMapIterator;AbstractEmptyMapIterator;0.0
org.apache.commons.collections4.iterators;CollatingIterator;CollatingIterator;0.0
org.apache.commons.collections4.iterators;IteratorEnumeration;IteratorEnumeration;0.0
org.apache.commons.collections4.iterators;ListIteratorWrapper;ListIteratorWrapper;0.0
org.apache.commons.collections4.iterators;AbstractListIteratorDecorator;AbstractListIteratorDecorator;0.0
org.apache.commons.collections4.iterators;ExtendedIterator;ExtendedIterator;0.0
org.apache.commons.collections4.iterators;EmptyOrderedMapIterator;EmptyOrderedMapIterator;1.0
org.apache.commons.collections4.iterators;NodeListIterator;NodeListIterator;0.0
org.apache.commons.collections4.iterators;ArrayIterator;ArrayIterator;0.0
org.apache.commons.collections4.iterators;UnmodifiableMapIterator;UnmodifiableMapIterator;0.0
org.apache.commons.collections4.iterators;FilterIterator;FilterIterator;0.0
org.apache.commons.collections4.iterators;SingletonIterator;SingletonIterator;0.0
org.apache.commons.collections4.iterators;UnmodifiableIterator;UnmodifiableIterator;0.0
org.apache.commons.collections4.iterators;ArrayListIterator;ArrayListIterator;0.0
org.apache.commons.collections4.iterators;ObjectGraphIterator;ObjectGraphIterator;0.0
org.apache.commons.collections4.iterators;PeekingIterator;PeekingIterator;0.0
org.apache.commons.collections4.iterators;EmptyListIterator;EmptyListIterator;0.0
org.apache.commons.collections4.iterators;LazyIteratorChain;LazyIteratorChain;0.0
org.apache.commons.collections4.iterators;PermutationIterator;PermutationIterator;0.0
org.apache.commons.collections4;FunctorException;FunctorException;1.0
org.apache.commons.collections4.bloomfilter;LayerManager;LayerManager;0.0
org.apache.commons.collections4.bloomfilter;SetOperations;SetOperations;0.03636363636363636
org.apache.commons.collections4.bloomfilter;Hasher;Hasher;1.0
org.apache.commons.collections4.bloomfilter;CountingBloomFilter;CountingBloomFilter;0.0
org.apache.commons.collections4.bloomfilter;BloomFilterExtractor;BloomFilterExtractor;0.0
org.apache.commons.collections4.bloomfilter;EnhancedDoubleHasher;EnhancedDoubleHasher;0.0
org.apache.commons.collections4.bloomfilter;CountingLongPredicate;CountingLongPredicate;0.0
org.apache.commons.collections4.bloomfilter;IndexUtils;IndexUtils;1.0
org.apache.commons.collections4.bloomfilter;CellExtractor;CellExtractor;0.0
org.apache.commons.collections4.bloomfilter;CountingPredicate;CountingPredicate;0.0
org.apache.commons.collections4.bloomfilter;SparseBloomFilter;SparseBloomFilter;0.0
org.apache.commons.collections4.bloomfilter;Shape;Shape;0.031578947368421054
org.apache.commons.collections4.bloomfilter;ArrayCountingBloomFilter;ArrayCountingBloomFilter;0.0196078431372549
org.apache.commons.collections4.bloomfilter;LongBiPredicate;LongBiPredicate;1.0
org.apache.commons.collections4.bloomfilter;IndexFilter;IndexFilter;0.0
org.apache.commons.collections4.bloomfilter;BloomFilter;BloomFilter;0.0
org.apache.commons.collections4.bloomfilter;SimpleBloomFilter;SimpleBloomFilter;0.0
org.apache.commons.collections4.bloomfilter;LayeredBloomFilter;LayeredBloomFilter;0.012903225806451613
org.apache.commons.collections4.bloomfilter;BitMapExtractor;BitMapExtractor;0.0
org.apache.commons.collections4.bloomfilter;IndexExtractor;IndexExtractor;0.0
org.apache.commons.collections4.bloomfilter;BitMaps;BitMaps;0.0
org.apache.commons.collections4.bloomfilter;WrappedBloomFilter;WrappedBloomFilter;0.0
org.apache.commons.collections4;ClosureUtils;ClosureUtils;0.0
org.apache.commons.collections4;IterableGet;IterableGet;1.0
org.apache.commons.collections4;QueueUtils;QueueUtils;0.0
org.apache.commons.collections4;Transformer;Transformer;0.0
org.apache.commons.collections4;SortedBag;SortedBag;0.0
org.apache.commons.collections4;ResettableListIterator;ResettableListIterator;1.0
org.apache.commons.collections4;ArrayUtils;ArrayUtils;0.0
org.apache.commons.collections4;Equator;Equator;0.0
org.apache.commons.collections4;KeyValue;KeyValue;0.0
org.apache.commons.collections4.properties;SortedPropertiesFactory;SortedPropertiesFactory;1.0
org.apache.commons.collections4.properties;PropertiesFactory;PropertiesFactory;1.0
org.apache.commons.collections4.properties;AbstractPropertiesFactory;AbstractPropertiesFactory;0.022222222222222223
org.apache.commons.collections4.properties;OrderedPropertiesFactory;OrderedPropertiesFactory;1.0
org.apache.commons.collections4.properties;SortedProperties;SortedProperties;0.0
org.apache.commons.collections4.properties;OrderedProperties;OrderedProperties;0.0
org.apache.commons.collections4;OrderedIterator;OrderedIterator;0.0
org.apache.commons.collections4.functors;ClosureTransformer;ClosureTransformer;0.0
org.apache.commons.collections4.functors;ConstantFactory;ConstantFactory;0.0
org.apache.commons.collections4.functors;WhileClosure;WhileClosure;0.0
org.apache.commons.collections4.functors;AbstractPredicate;AbstractPredicate;1.0
org.apache.commons.collections4.functors;ExceptionFactory;ExceptionFactory;0.0
org.apache.commons.collections4.functors;OrPredicate;OrPredicate;0.0
org.apache.commons.collections4.functors;NullPredicate;NullPredicate;0.0
org.apache.commons.collections4.functors;ExceptionPredicate;ExceptionPredicate;0.0
org.apache.commons.collections4.functors;NullIsExceptionPredicate;NullIsExceptionPredicate;0.0
org.apache.commons.collections4.functors;TruePredicate;TruePredicate;0.0
org.apache.commons.collections4.functors;IfClosure;IfClosure;0.0
org.apache.commons.collections4.functors;NotNullPredicate;NotNullPredicate;0.0
org.apache.commons.collections4.functors;FunctorUtils;FunctorUtils;0.16666666666666666
org.apache.commons.collections4.functors;PredicateTransformer;PredicateTransformer;0.0
org.apache.commons.collections4.functors;AbstractQuantifierPredicate;AbstractQuantifierPredicate;1.0
org.apache.commons.collections4.functors;DefaultEquator;DefaultEquator;0.0
org.apache.commons.collections4.functors;AllPredicate;AllPredicate;0.0
org.apache.commons.collections4.functors;TransformedPredicate;TransformedPredicate;0.0
org.apache.commons.collections4.functors;StringValueTransformer;StringValueTransformer;0.0
org.apache.commons.collections4.functors;InstantiateFactory;InstantiateFactory;0.0
org.apache.commons.collections4.functors;AnyPredicate;AnyPredicate;0.0
org.apache.commons.collections4.functors;AndPredicate;AndPredicate;0.0
org.apache.commons.collections4.functors;ExceptionClosure;ExceptionClosure;0.0
org.apache.commons.collections4.functors;MapTransformer;MapTransformer;0.0
org.apache.commons.collections4.functors;PredicateDecorator;PredicateDecorator;1.0
org.apache.commons.collections4.functors;TransformerClosure;TransformerClosure;0.0
org.apache.commons.collections4.functors;UniquePredicate;UniquePredicate;0.0
org.apache.commons.collections4.functors;CatchAndRethrowClosure;CatchAndRethrowClosure;0.0
org.apache.commons.collections4.functors;ChainedTransformer;ChainedTransformer;0.0
org.apache.commons.collections4.functors;IfTransformer;IfTransformer;0.0
org.apache.commons.collections4.functors;InvokerTransformer;InvokerTransformer;0.0
org.apache.commons.collections4.functors;NullIsFalsePredicate;NullIsFalsePredicate;0.0
org.apache.commons.collections4.functors;ForClosure;ForClosure;0.0
org.apache.commons.collections4.functors;InstanceofPredicate;InstanceofPredicate;0.0
org.apache.commons.collections4.functors;TransformerPredicate;TransformerPredicate;0.0
org.apache.commons.collections4.functors;NOPClosure;NOPClosure;0.0
org.apache.commons.collections4.functors;OnePredicate;OnePredicate;0.0
org.apache.commons.collections4.functors;EqualPredicate;EqualPredicate;0.0
org.apache.commons.collections4.functors;SwitchClosure;SwitchClosure;0.0
org.apache.commons.collections4.functors;IdentityPredicate;IdentityPredicate;0.0
org.apache.commons.collections4.functors;NullIsTruePredicate;NullIsTruePredicate;0.0
org.apache.commons.collections4.functors;SwitchTransformer;SwitchTransformer;0.0
org.apache.commons.collections4.functors;ConstantTransformer;ConstantTransformer;0.0
org.apache.commons.collections4.functors;PrototypeFactory;PrototypeFactory;1.0
org.apache.commons.collections4.functors;FactoryTransformer;FactoryTransformer;0.0
org.apache.commons.collections4.functors;NOPTransformer;NOPTransformer;0.0
org.apache.commons.collections4.functors;ExceptionTransformer;ExceptionTransformer;0.0
org.apache.commons.collections4.functors;ComparatorPredicate;ComparatorPredicate;0.0
org.apache.commons.collections4.functors;ChainedClosure;ChainedClosure;0.0
org.apache.commons.collections4.functors;InstantiateTransformer;InstantiateTransformer;0.0
org.apache.commons.collections4.functors;FalsePredicate;FalsePredicate;0.0
org.apache.commons.collections4.functors;NonePredicate;NonePredicate;0.0
org.apache.commons.collections4.functors;CloneTransformer;CloneTransformer;0.0
org.apache.commons.collections4.functors;NotPredicate;NotPredicate;0.0
org.apache.commons.collections4;PredicateUtils;PredicateUtils;0.0
org.apache.commons.collections4;BidiMap;BidiMap;0.0
org.apache.commons.collections4;OrderedMapIterator;OrderedMapIterator;0.0
org.apache.commons.collections4;TransformerUtils;TransformerUtils;0.0
org.apache.commons.collections4;SetUtils;SetUtils;0.0
org.apache.commons.collections4.map;SingletonMap;SingletonMap;0.0
org.apache.commons.collections4.map;TransformedSortedMap;TransformedSortedMap;0.0
org.apache.commons.collections4.map;MultiValueMap;MultiValueMap;0.005263157894736842
org.apache.commons.collections4.map;LazySortedMap;LazySortedMap;0.0
org.apache.commons.collections4.map;AbstractOrderedMapDecorator;AbstractOrderedMapDecorator;0.0
org.apache.commons.collections4.map;Flat3Map;Flat3Map;0.0
org.apache.commons.collections4.map;FixedSizeMap;FixedSizeMap;0.0
org.apache.commons.collections4.map;LRUMap;LRUMap;0.0
org.apache.commons.collections4.map;AbstractReferenceMap;AbstractReferenceMap;0.0
org.apache.commons.collections4.map;EntrySetToMapIteratorAdapter;EntrySetToMapIteratorAdapter;0.0
org.apache.commons.collections4.map;AbstractSortedMapDecorator;AbstractSortedMapDecorator;0.0
org.apache.commons.collections4.map;UnmodifiableOrderedMap;UnmodifiableOrderedMap;0.0
org.apache.commons.collections4.map;UnmodifiableMap;UnmodifiableMap;0.0
org.apache.commons.collections4.map;TransformedMap;TransformedMap;0.0
org.apache.commons.collections4.map;LazyMap;LazyMap;0.0
org.apache.commons.collections4.map;StaticBucketMap;StaticBucketMap;0.0
org.apache.commons.collections4.map;ConcurrentReferenceHashMap;ConcurrentReferenceHashMap;0.057971014492753624
org.apache.commons.collections4.map;ListOrderedMap;ListOrderedMap;0.006153846153846154
org.apache.commons.collections4.map;UnmodifiableEntrySet;UnmodifiableEntrySet;0.01818181818181818
org.apache.commons.collections4.map;AbstractLinkedMap;AbstractLinkedMap;0.006535947712418301
org.apache.commons.collections4.map;LinkedMap;LinkedMap;0.0
org.apache.commons.collections4.map;AbstractInputCheckedMapDecorator;AbstractInputCheckedMapDecorator;0.0
org.apache.commons.collections4.map;AbstractIterableMap;AbstractIterableMap;1.0
org.apache.commons.collections4.map;CompositeMap;CompositeMap;0.08823529411764706
org.apache.commons.collections4.map;ReferenceIdentityMap;ReferenceIdentityMap;0.0
org.apache.commons.collections4.map;PredicatedMap;PredicatedMap;0.0
org.apache.commons.collections4.map;UnmodifiableSortedMap;UnmodifiableSortedMap;0.0
org.apache.commons.collections4.map;FixedSizeSortedMap;FixedSizeSortedMap;0.0
org.apache.commons.collections4.map;MultiKeyMap;MultiKeyMap;0.06306306306306306
org.apache.commons.collections4.map;PredicatedSortedMap;PredicatedSortedMap;0.0
org.apache.commons.collections4.map;DefaultedMap;DefaultedMap;0.0
org.apache.commons.collections4.map;PassiveExpiringMap;PassiveExpiringMap;0.0
org.apache.commons.collections4.map;HashedMap;HashedMap;0.0
org.apache.commons.collections4.map;CaseInsensitiveMap;CaseInsensitiveMap;0.0
org.apache.commons.collections4.map;AbstractMapDecorator;AbstractMapDecorator;0.0
org.apache.commons.collections4.map;AbstractHashedMap;AbstractHashedMap;0.00101010101010101
org.apache.commons.collections4.map;ReferenceMap;ReferenceMap;0.0
org.apache.commons.collections4;Factory;Factory;0.0
org.apache.commons.collections4;MultiSetUtils;MultiSetUtils;0.0
org.apache.commons.collections4;IterableSortedMap;IterableSortedMap;1.0
org.apache.commons.collections4;BoundedCollection;BoundedCollection;0.0
org.apache.commons.collections4;OrderedBidiMap;OrderedBidiMap;1.0
org.apache.commons.collections4.bag;TransformedSortedBag;TransformedSortedBag;0.0
org.apache.commons.collections4.bag;AbstractBagDecorator;AbstractBagDecorator;0.0
org.apache.commons.collections4.bag;PredicatedBag;PredicatedBag;0.0
org.apache.commons.collections4.bag;SynchronizedSortedBag;SynchronizedSortedBag;0.0
org.apache.commons.collections4.bag;UnmodifiableSortedBag;UnmodifiableSortedBag;0.0
org.apache.commons.collections4.bag;TransformedBag;TransformedBag;0.0
org.apache.commons.collections4.bag;AbstractSortedBagDecorator;AbstractSortedBagDecorator;0.0
org.apache.commons.collections4.bag;SynchronizedBag;SynchronizedBag;0.0
org.apache.commons.collections4.bag;AbstractMapBag;AbstractMapBag;0.01
org.apache.commons.collections4.bag;CollectionBag;CollectionBag;0.0
org.apache.commons.collections4.bag;CollectionSortedBag;CollectionSortedBag;0.0
org.apache.commons.collections4.bag;TreeBag;TreeBag;0.0
org.apache.commons.collections4.bag;PredicatedSortedBag;PredicatedSortedBag;0.0
org.apache.commons.collections4.bag;UnmodifiableBag;UnmodifiableBag;0.0
org.apache.commons.collections4.bag;HashBag;HashBag;0.0
org.apache.commons.collections4;BoundedMap;BoundedMap;0.0
org.apache.commons.collections4;CollectionUtils;CollectionUtils;8.281573498964803E-4
org.apache.commons.collections4;ListValuedMap;ListValuedMap;0.0
org.apache.commons.collections4.splitmap;TransformedSplitMap;TransformedSplitMap;0.0
org.apache.commons.collections4.splitmap;AbstractIterableGetMapDecorator;AbstractIterableGetMapDecorator;0.0
org.apache.commons.collections4;MultiValuedMap;MultiValuedMap;0.0
org.apache.commons.collections4.list;UnmodifiableList;UnmodifiableList;0.0
org.apache.commons.collections4.list;NodeCachingLinkedList;NodeCachingLinkedList;0.0
org.apache.commons.collections4.list;LazyList;LazyList;0.0
org.apache.commons.collections4.list;CursorableLinkedList;CursorableLinkedList;0.0196078431372549
org.apache.commons.collections4.list;AbstractSerializableListDecorator;AbstractSerializableListDecorator;0.0
org.apache.commons.collections4.list;PredicatedList;PredicatedList;0.0
org.apache.commons.collections4.list;TransformedList;TransformedList;0.0
org.apache.commons.collections4.list;SetUniqueList;SetUniqueList;0.0
org.apache.commons.collections4.list;AbstractLinkedListJava21;AbstractLinkedListJava21;0.0018501387604070306
org.apache.commons.collections4.list;AbstractListDecorator;AbstractListDecorator;0.0
org.apache.commons.collections4.list;GrowthList;GrowthList;0.5
org.apache.commons.collections4.list;TreeList;TreeList;0.0
org.apache.commons.collections4.list;AbstractLinkedList;AbstractLinkedList;0.0018501387604070306
org.apache.commons.collections4.list;FixedSizeList;FixedSizeList;0.0
org.apache.commons.collections4;MultiSet;MultiSet;0.0
org.apache.commons.collections4.keyvalue;UnmodifiableMapEntry;UnmodifiableMapEntry;1.0
org.apache.commons.collections4.keyvalue;DefaultMapEntry;DefaultMapEntry;1.0
org.apache.commons.collections4.keyvalue;TiedMapEntry;TiedMapEntry;0.0
org.apache.commons.collections4.keyvalue;DefaultKeyValue;DefaultKeyValue;0.0
org.apache.commons.collections4.keyvalue;AbstractKeyValue;AbstractKeyValue;0.0
org.apache.commons.collections4.keyvalue;AbstractMapEntryDecorator;AbstractMapEntryDecorator;0.0
org.apache.commons.collections4.keyvalue;MultiKey;MultiKey;0.0
org.apache.commons.collections4.keyvalue;AbstractMapEntry;AbstractMapEntry;0.0
org.apache.commons.collections4;BagUtils;BagUtils;0.0
org.apache.commons.collections4;Trie;Trie;1.0
org.apache.commons.collections4;Put;Put;0.0
org.apache.commons.collections4;ListUtils;ListUtils;0.003076923076923077
org.apache.commons.collections4.queue;SynchronizedQueue;SynchronizedQueue;0.0
org.apache.commons.collections4.queue;UnmodifiableQueue;UnmodifiableQueue;0.0
org.apache.commons.collections4.queue;AbstractQueueDecorator;AbstractQueueDecorator;0.0
org.apache.commons.collections4.queue;PredicatedQueue;PredicatedQueue;0.0
org.apache.commons.collections4.queue;TransformedQueue;TransformedQueue;0.0
org.apache.commons.collections4.queue;CircularFifoQueue;CircularFifoQueue;0.0
org.apache.commons.collections4.bidimap;TreeBidiMap;TreeBidiMap;5.120327700972862E-4
org.apache.commons.collections4.bidimap;AbstractDualBidiMap;AbstractDualBidiMap;0.0
org.apache.commons.collections4.bidimap;DualHashBidiMap;DualHashBidiMap;0.0
org.apache.commons.collections4.bidimap;AbstractOrderedBidiMapDecorator;AbstractOrderedBidiMapDecorator;0.0
org.apache.commons.collections4.bidimap;UnmodifiableBidiMap;UnmodifiableBidiMap;0.0
org.apache.commons.collections4.bidimap;DualLinkedHashBidiMap;DualLinkedHashBidiMap;0.0
org.apache.commons.collections4.bidimap;DualTreeBidiMap;DualTreeBidiMap;0.008333333333333333
org.apache.commons.collections4.bidimap;AbstractBidiMapDecorator;AbstractBidiMapDecorator;0.0
org.apache.commons.collections4.bidimap;UnmodifiableOrderedBidiMap;UnmodifiableOrderedBidiMap;0.0
org.apache.commons.collections4.bidimap;UnmodifiableSortedBidiMap;UnmodifiableSortedBidiMap;0.0
org.apache.commons.collections4.bidimap;AbstractSortedBidiMapDecorator;AbstractSortedBidiMapDecorator;0.0
org.apache.commons.collections4;Bag;Bag;0.0
